Week.Ending.Date,Geographic.aggregation,Number.of.Inpatient.Beds.Occupied,Total.COVID.19.Admissions,Total.Influenza.Admissions,Total.RSV.Admissions,Total.Adult.RSV.Admissions
2/8/2025,AK,943,10,26,13,10
2/8/2025,AL,9886,221,652,81,55
2/8/2025,AR,4875,84,627,61,41
2/8/2025,AZ,7134,126,465,361,194
2/8/2025,CA,49622,807,3354,711,423
2/8/2025,CO,7412,101,562,225,73
2/8/2025,CT,6390,162,537,80,65
2/8/2025,DC,2207,24,248,2,2
2/8/2025,DE,1619,31,157,28,18
2/8/2025,FL,42183,554,2924,362,269
2/8/2025,GA,17245,291,1199,148,122
2/8/2025,GU,120,0,0,0,0
2/8/2025,HI,1772,11,81,24,18
2/8/2025,IA,4790,108,559,104,50
2/8/2025,ID,1963,29,165,67,31
2/8/2025,IL,17339,526,2205,340,258
2/8/2025,IN,12092,358,1668,216,106
2/8/2025,KS,4829,92,424,88,48
2/8/2025,KY,8237,233,1081,99,69
2/8/2025,LA,7354,168,439,97,52
2/8/2025,MA,13685,283,1574,139,120
2/8/2025,MD,8855,177,962,83,71
2/8/2025,ME,2450,39,196,25,9
2/8/2025,MI,12323,481,1244,322,178
2/8/2025,MN,7543,175,674,206,85
2/8/2025,MO,10825,209,1091,128,89
2/8/2025,MS,5591,132,467,39,36
2/8/2025,MT,1781,25,157,32,15
2/8/2025,NC,18810,439,2238,344,246
2/8/2025,ND,1567,38,123,28,6
2/8/2025,NE,3328,65,303,88,36
2/8/2025,NH,1928,59,163,22,15
2/8/2025,NJ,15410,450,1888,218,176
2/8/2025,NM,2626,60,203,101,29
2/8/2025,NV,5153,41,192,103,32
2/8/2025,NY,31111,730,2607,465,355
2/8/2025,OH,22086,626,3082,255,158
2/8/2025,OK,6691,125,892,141,91
2/8/2025,OR,5526,68,548,178,108
2/8/2025,PA,22067,1296,4174,731,609
2/8/2025,PR,2683,47,162,24,2
2/8/2025,RI,1762,55,193,22,19
2/8/2025,SC,8372,202,1148,107,88
2/8/2025,SD,1837,60,197,37,14
2/8/2025,TN,12930,231,919,108,71
2/8/2025,TX,47722,796,4019,461,240
2/8/2025,UT,4140,44,209,224,51
2/8/2025,VA,12173,278,1151,69,54
2/8/2025,VI,93,0,0,0,0
2/8/2025,VT,767,26,115,9,5
2/8/2025,WA,10151,139,749,143,109
2/8/2025,WI,8694,332,1111,222,135
2/8/2025,WV,4262,110,446,87,50
2/8/2025,WY,335,9,62,29,12
2/1/2025,AK,950,8,28,31,16
2/1/2025,AL,9573,212,742,77,58
2/1/2025,AR,5054,77,464,57,48
2/1/2025,AZ,10854,401,870,435,267
2/1/2025,CA,51850,910,4276,784,448
2/1/2025,CO,7993,153,543,223,83
2/1/2025,CT,6682,174,466,76,59
2/1/2025,DC,2288,30,197,6,6
2/1/2025,DE,1593,32,140,28,14
2/1/2025,FL,45792,611,3616,491,380
2/1/2025,GA,17791,279,1319,149,114
2/1/2025,GU,119,0,2,0,0
2/1/2025,HI,2049,10,70,18,7
2/1/2025,IA,5288,130,431,98,36
2/1/2025,ID,2050,25,162,41,19
2/1/2025,IL,20134,596,2137,372,281
2/1/2025,IN,11726,357,1243,191,111
2/1/2025,KS,5132,96,377,82,29
2/1/2025,KY,9179,193,694,103,65
2/1/2025,LA,9017,151,581,126,90
2/1/2025,MA,13288,349,1282,135,113
2/1/2025,MD,9202,190,810,90,74
2/1/2025,ME,2132,46,151,22,12
2/1/2025,MI,12978,577,1093,384,207
2/1/2025,MN,7990,215,877,182,90
2/1/2025,MO,11382,191,904,164,106
2/1/2025,MS,5939,115,536,54,45
2/1/2025,MT,1751,11,109,29,14
2/1/2025,NC,17669,396,1905,353,255
2/1/2025,ND,1636,22,104,29,9
2/1/2025,NE,3561,74,305,67,24
2/1/2025,NH,1895,64,142,22,18
2/1/2025,NJ,15523,468,1794,297,233
2/1/2025,NM,2131,56,211,78,23
2/1/2025,NV,5827,43,172,80,29
2/1/2025,NY,34487,777,3029,574,415
2/1/2025,OH,22616,679,2452,320,198
2/1/2025,OK,7394,171,1069,156,91
2/1/2025,OR,5564,63,493,142,81
2/1/2025,PA,23201,1498,3730,826,625
2/1/2025,PR,1103,11,48,0,0
2/1/2025,RI,1843,72,173,55,37
2/1/2025,SC,9238,194,1214,121,110
2/1/2025,SD,1812,55,139,23,6
2/1/2025,TN,14490,242,941,141,98
2/1/2025,TX,49004,756,4595,546,308
2/1/2025,UT,4050,48,195,178,35
2/1/2025,VA,13117,289,986,109,87
2/1/2025,VI,115,0,0,0,0
2/1/2025,VT,844,30,83,22,12
2/1/2025,WA,9776,120,578,119,84
2/1/2025,WI,8709,293,994,188,102
2/1/2025,WV,4404,91,267,61,35
2/1/2025,WY,370,55,103,26,12
1/25/2025,AK,937,5,25,20,10
1/25/2025,AL,9671,178,632,73,61
1/25/2025,AR,4790,81,345,64,51
1/25/2025,AZ,10121,304,1005,323,197
1/25/2025,CA,51768,913,3893,778,438
1/25/2025,CO,7892,166,456,217,63
1/25/2025,CT,6266,157,378,128,113
1/25/2025,DC,2063,29,203,7,7
1/25/2025,DE,1494,16,80,35,16
1/25/2025,FL,44524,601,3091,519,386
1/25/2025,GA,16967,208,1182,172,131
1/25/2025,GU,132,1,3,1,0
1/25/2025,HI,1784,11,81,17,10
1/25/2025,IA,5016,162,300,104,44
1/25/2025,ID,1890,26,106,47,19
1/25/2025,IL,19331,620,1734,409,288
1/25/2025,IN,10566,294,678,179,104
1/25/2025,KS,5017,118,212,71,32
1/25/2025,KY,7779,179,398,101,72
1/25/2025,LA,8563,130,511,131,87
1/25/2025,MA,13989,422,991,243,196
1/25/2025,MD,9153,196,582,72,50
1/25/2025,ME,2392,55,104,29,5
1/25/2025,MI,13287,551,863,313,182
1/25/2025,MN,6769,261,868,173,74
1/25/2025,MO,10901,185,517,109,78
1/25/2025,MS,6489,109,322,60,40
1/25/2025,MT,1745,21,67,23,13
1/25/2025,NC,18681,414,1553,412,303
1/25/2025,ND,1580,24,89,10,3
1/25/2025,NE,3356,79,181,65,22
1/25/2025,NH,1856,60,121,30,20
1/25/2025,NJ,15340,459,1591,331,243
1/25/2025,NM,1984,75,190,56,3
1/25/2025,NV,5762,48,195,59,22
1/25/2025,NY,36177,788,2899,621,454
1/25/2025,OH,21793,674,1686,357,217
1/25/2025,OK,7255,167,656,138,70
1/25/2025,OR,5467,51,272,106,59
1/25/2025,PA,22509,1443,3041,877,677
1/25/2025,PR,2698,68,319,58,8
1/25/2025,RI,1676,60,113,40,31
1/25/2025,SC,8005,153,797,114,90
1/25/2025,SD,1853,38,80,5,5
1/25/2025,TN,14632,209,646,138,75
1/25/2025,TX,46494,665,3248,522,291
1/25/2025,UT,3935,49,185,114,20
1/25/2025,VA,12330,219,658,97,70
1/25/2025,VI,97,1,0,0,0
1/25/2025,VT,750,31,56,13,9
1/25/2025,WA,10129,103,417,94,66
1/25/2025,WI,8208,346,812,188,85
1/25/2025,WV,4251,111,160,67,42
1/25/2025,WY,326,30,87,28,20
1/18/2025,AK,924,7,32,11,8
1/18/2025,AL,10805,192,490,98,69
1/18/2025,AR,5545,103,216,84,64
1/18/2025,AZ,10966,449,1099,358,224
1/18/2025,CA,51220,891,3365,781,500
1/18/2025,CO,7985,172,441,196,53
1/18/2025,CT,6723,188,245,167,143
1/18/2025,DC,1951,22,58,4,4
1/18/2025,DE,1590,42,66,38,21
1/18/2025,FL,45387,542,2666,609,473
1/18/2025,GA,18009,247,963,262,197
1/18/2025,GU,126,1,0,0,0
1/18/2025,HI,2130,18,91,22,11
1/18/2025,IA,5049,146,236,85,41
1/18/2025,ID,1913,33,130,40,10
1/18/2025,IL,19642,698,1316,521,367
1/18/2025,IN,11773,416,530,215,144
1/18/2025,KS,5294,122,200,68,44
1/18/2025,KY,9196,219,385,171,119
1/18/2025,LA,9344,134,487,161,114
1/18/2025,MA,12864,434,731,219,164
1/18/2025,MD,9242,196,459,127,104
1/18/2025,ME,2507,87,86,34,15
1/18/2025,MI,13136,628,496,294,177
1/18/2025,MN,8005,326,925,212,108
1/18/2025,MO,13460,286,557,187,117
1/18/2025,MS,5492,104,225,49,34
1/18/2025,MT,1708,36,79,13,4
1/18/2025,NC,19145,425,1104,468,337
1/18/2025,ND,1581,26,61,8,3
1/18/2025,NE,3434,78,126,42,15
1/18/2025,NH,1943,70,74,31,23
1/18/2025,NJ,15040,509,1259,452,342
1/18/2025,NM,1972,106,250,69,20
1/18/2025,NV,5765,55,189,73,32
1/18/2025,NY,36468,836,2567,698,528
1/18/2025,OH,22231,848,1148,497,307
1/18/2025,OK,7435,205,439,119,62
1/18/2025,OR,5634,81,284,72,46
1/18/2025,PA,22959,1660,2476,1065,760
1/18/2025,PR,2583,63,415,41,11
1/18/2025,RI,2001,68,107,37,31
1/18/2025,SC,8941,169,591,169,139
1/18/2025,SD,1806,34,53,6,4
1/18/2025,TN,14288,258,568,170,107
1/18/2025,TX,48651,592,2410,677,392
1/18/2025,UT,3459,50,180,98,24
1/18/2025,VA,12998,270,472,134,118
1/18/2025,VI,59,1,0,0,0
1/18/2025,VT,777,33,39,11,9
1/18/2025,WA,10234,89,357,116,92
1/18/2025,WI,8947,414,593,192,125
1/18/2025,WV,4269,143,133,92,47
1/18/2025,WY,426,47,86,19,11
1/11/2025,AK,924,14,39,21,15
1/11/2025,AL,9943,215,477,153,105
1/11/2025,AR,5549,104,157,78,70
1/11/2025,AS,83,0,1,0,0
1/11/2025,AZ,10983,467,1492,404,282
1/11/2025,CA,50624,883,3046,847,524
1/11/2025,CO,7852,236,499,138,52
1/11/2025,CT,6682,227,247,213,167
1/11/2025,DC,1915,24,44,5,5
1/11/2025,DE,1374,34,74,46,25
1/11/2025,FL,45548,571,2411,650,514
1/11/2025,GA,18158,249,820,321,236
1/11/2025,GU,134,0,0,0,0
1/11/2025,HI,1725,24,98,24,16
1/11/2025,IA,4997,159,261,168,131
1/11/2025,ID,2116,47,143,34,18
1/11/2025,IL,20519,791,1377,553,396
1/11/2025,IN,11289,524,502,224,135
1/11/2025,KS,4910,158,234,81,48
1/11/2025,KY,8593,235,427,188,123
1/11/2025,LA,9241,163,461,257,156
1/11/2025,MA,14147,628,585,248,205
1/11/2025,MD,9027,216,372,154,123
1/11/2025,ME,2465,92,92,18,7
1/11/2025,MI,14435,888,601,454,255
1/11/2025,MN,7984,371,895,230,134
1/11/2025,MO,12931,384,634,197,133
1/11/2025,MS,5464,84,216,63,43
1/11/2025,MT,1783,41,65,13,9
1/11/2025,NC,19006,403,831,546,397
1/11/2025,ND,1593,40,38,8,3
1/11/2025,NE,3498,104,171,42,16
1/11/2025,NH,2049,80,69,47,32
1/11/2025,NJ,14978,477,1074,503,361
1/11/2025,NM,2785,132,249,41,18
1/11/2025,NV,5873,68,260,78,45
1/11/2025,NY,36872,922,2249,893,644
1/11/2025,OH,22185,898,992,587,328
1/11/2025,OK,7644,226,285,134,74
1/11/2025,OR,5722,77,319,90,48
1/11/2025,PA,22147,1432,1587,1099,787
1/11/2025,PR,5126,133,1249,300,15
1/11/2025,RI,2075,87,69,66,36
1/11/2025,SC,8579,177,430,212,163
1/11/2025,SD,1768,44,47,7,5
1/11/2025,TN,14529,248,685,240,139
1/11/2025,TX,47535,588,2012,775,397
1/11/2025,UT,3955,71,256,81,21
1/11/2025,VA,12477,293,457,188,135
1/11/2025,VI,110,0,0,0,0
1/11/2025,VT,818,35,35,14,10
1/11/2025,WA,10013,112,388,111,75
1/11/2025,WI,8948,404,388,182,124
1/11/2025,WV,4171,141,144,99,63
1/11/2025,WY,389,47,62,14,10
1/4/2025,AK,869,6,62,34,13
1/4/2025,AL,9763,226,690,172,107
1/4/2025,AR,5227,152,208,106,88
1/4/2025,AS,70,1,3,3,0
1/4/2025,AZ,10491,729,2831,411,309
1/4/2025,CA,49360,1018,3838,989,551
1/4/2025,CO,7319,335,760,168,71
1/4/2025,CT,6129,236,294,202,135
1/4/2025,DC,2068,25,96,3,3
1/4/2025,DE,1904,80,185,155,74
1/4/2025,FL,39786,611,2618,711,512
1/4/2025,GA,16871,298,1102,496,320
1/4/2025,GU,271,1,0,0,0
1/4/2025,HI,1880,21,124,46,19
1/4/2025,IA,4682,170,166,61,23
1/4/2025,ID,1827,56,238,42,16
1/4/2025,IL,19265,1093,1554,732,443
1/4/2025,IN,10527,661,806,334,195
1/4/2025,KS,4726,224,350,101,38
1/4/2025,KY,8899,439,650,326,203
1/4/2025,LA,8136,175,607,285,193
1/4/2025,MA,12950,596,520,317,230
1/4/2025,MD,8072,302,407,234,168
1/4/2025,ME,2317,93,88,15,6
1/4/2025,MI,13303,902,555,432,209
1/4/2025,MN,7624,507,949,206,109
1/4/2025,MO,12674,474,820,260,142
1/4/2025,MS,5323,129,269,95,47
1/4/2025,MT,1443,34,69,16,6
1/4/2025,NC,18020,481,915,719,459
1/4/2025,ND,1198,38,56,13,2
1/4/2025,NE,2875,102,189,41,13
1/4/2025,NH,1862,133,97,46,32
1/4/2025,NJ,14180,649,1350,620,420
1/4/2025,NM,2611,159,309,46,12
1/4/2025,NV,5587,66,387,112,47
1/4/2025,NY,34086,1023,2502,1159,773
1/4/2025,OH,21142,1351,1301,788,373
1/4/2025,OK,7021,270,402,152,69
1/4/2025,OR,5257,122,536,138,71
1/4/2025,PA,18744,1313,1670,1064,558
1/4/2025,PR,4726,138,1010,397,9
1/4/2025,RI,1803,83,88,69,41
1/4/2025,SC,8495,226,509,357,257
1/4/2025,SD,1572,55,45,3,1
1/4/2025,TN,14057,353,1060,396,177
1/4/2025,TX,45536,711,2517,1285,504
1/4/2025,UT,3893,96,387,110,25
1/4/2025,VA,12022,435,644,311,215
1/4/2025,VI,93,1,0,0,0
1/4/2025,VT,653,34,33,13,9
1/4/2025,WA,9659,148,531,187,115
1/4/2025,WI,8196,522,389,184,92
1/4/2025,WV,4044,181,198,145,71
1/4/2025,WY,346,48,121,7,2
1/6/2024,AK,1014,36,5,3,0
1/6/2024,AR,5286,439,234,3,3
1/6/2024,AZ,11340,645,907,10,8
1/6/2024,CA,48518,3847,1470,38,27
1/6/2024,CO,6955,477,308,3,3
1/6/2024,CT,5916,488,167,13,13
1/6/2024,DC,2306,86,55,0,0
1/6/2024,DE,2009,110,48,4,4
1/6/2024,FL,42465,2143,1414,0,0
1/6/2024,GA,16730,1130,758,1,1
1/6/2024,HI,1903,108,40,2,2
1/6/2024,IA,4681,385,94,9,4
1/6/2024,ID,1964,210,157,2,2
1/6/2024,IL,20043,1602,511,9,9
1/6/2024,IN,10881,979,521,6,5
1/6/2024,KS,4746,389,93,16,7
1/6/2024,KY,9194,521,296,2,2
1/6/2024,LA,8331,417,304,3,3
1/6/2024,MD,8360,612,322,0,0
1/6/2024,ME,2155,150,58,6,6
1/6/2024,MI,16760,1300,497,5,3
1/6/2024,MO,12007,901,345,0,0
1/6/2024,MS,5124,232,263,0,0
1/6/2024,MT,1743,161,129,0,0
1/6/2024,ND,1438,83,52,0,0
1/6/2024,NE,3313,237,50,2,2
1/6/2024,NH,2217,195,46,4,4
1/6/2024,NJ,15444,1442,667,0,0
1/6/2024,NM,3366,111,229,0,0
1/6/2024,NY,36575,3695,1278,22,22
1/6/2024,OH,20905,1539,562,26,5
1/6/2024,OK,5935,416,174,24,17
1/6/2024,OR,5241,316,142,1,1
1/6/2024,PA,23953,1825,761,48,45
1/6/2024,PR,4255,186,51,1,0
1/6/2024,RI,1724,140,48,7,7
1/6/2024,SC,8186,552,473,0,0
1/6/2024,SD,1473,119,54,0,0
1/6/2024,TX,43636,2630,2093,3,3
1/6/2024,UT,3653,254,63,7,2
1/6/2024,VA,12255,1005,538,0,0
1/6/2024,VT,885,64,15,0,0
1/6/2024,WA,9844,435,209,0,0
1/6/2024,WY,595,45,82,1,1
1/13/2024,AR,5440,384,223,5,5
1/13/2024,AZ,11650,582,716,22,3
1/13/2024,CA,50228,3460,1075,23,20
1/13/2024,CO,7095,464,286,1,0
1/13/2024,CT,5976,489,159,6,6
1/13/2024,DE,2048,109,34,4,4
1/13/2024,FL,45072,2124,1070,0,0
1/13/2024,GA,17079,1116,627,0,0
1/13/2024,HI,1965,108,25,0,0
1/13/2024,IA,4704,280,84,2,0
1/13/2024,ID,2018,178,102,3,2
1/13/2024,IL,20435,1424,380,3,3
1/13/2024,IN,11238,831,443,6,3
1/13/2024,KS,4826,285,101,15,6
1/13/2024,KY,9303,489,240,3,3
1/13/2024,LA,8613,409,252,2,2
1/13/2024,MD,8672,531,245,1,1
1/13/2024,ME,2165,117,47,5,5
1/13/2024,MI,16649,1104,381,4,3
1/13/2024,MO,12367,796,316,0,0
1/13/2024,MS,5350,250,230,0,0
1/13/2024,MT,1755,126,114,0,0
1/13/2024,ND,1448,61,32,0,0
1/13/2024,NE,3342,189,55,0,0
1/13/2024,NH,2229,153,47,5,5
1/13/2024,NJ,15575,1368,570,0,0
1/13/2024,NY,37347,3343,1037,33,28
1/13/2024,OH,21606,1310,542,20,5
1/13/2024,OK,6101,381,209,26,15
1/13/2024,OR,5402,270,115,0,0
1/13/2024,PA,24215,1494,577,37,34
1/13/2024,PR,4829,227,61,2,0
1/13/2024,RI,1797,122,34,2,2
1/13/2024,SD,1486,99,32,0,0
1/13/2024,TX,44588,2393,1964,0,0
1/13/2024,UT,3853,198,47,8,3
1/13/2024,VA,12624,893,381,0,0
1/13/2024,VT,874,50,24,0,0
1/13/2024,WI,8306,596,265,0,0
1/13/2024,WY,592,52,56,0,0
1/20/2024,AK,972,44,9,NA,NA
1/20/2024,AR,5130,334,227,1,1
1/20/2024,AZ,11518,489,682,14,3
1/20/2024,CA,50458,3225,1096,16,15
1/20/2024,CO,6986,347,197,0,0
1/20/2024,CT,5980,381,128,5,5
1/20/2024,DE,2036,79,32,3,3
1/20/2024,FL,44499,2060,908,0,0
1/20/2024,GA,16858,1109,486,0,0
1/20/2024,HI,1962,124,23,0,0
1/20/2024,IA,4629,237,95,1,0
1/20/2024,ID,1976,107,88,1,0
1/20/2024,IL,20220,1161,335,5,5
1/20/2024,IN,10815,649,402,5,3
1/20/2024,KS,4818,209,66,4,1
1/20/2024,KY,8865,369,197,0,0
1/20/2024,LA,8153,352,141,1,1
1/20/2024,MD,8498,427,198,0,0
1/20/2024,ME,2169,81,40,4,4
1/20/2024,MI,16256,765,346,1,1
1/20/2024,MO,12004,566,266,2,2
1/20/2024,MS,5115,173,158,2,0
1/20/2024,MT,1701,66,81,0,0
1/20/2024,ND,1408,56,41,0,0
1/20/2024,NE,3334,151,35,6,1
1/20/2024,NH,2225,91,30,3,3
1/20/2024,NV,5778,214,78,0,0
1/20/2024,NY,37097,2783,862,18,18
1/20/2024,OH,20969,1035,505,16,5
1/20/2024,OK,5805,295,252,6,4
1/20/2024,OR,5444,242,85,2,0
1/20/2024,PA,23694,1162,454,143,126
1/20/2024,PR,5206,260,50,0,0
1/20/2024,RI,1805,86,34,2,2
1/20/2024,SC,8133,415,197,0,0
1/20/2024,SD,1461,82,16,0,0
1/20/2024,TN,14446,402,350,0,0
1/20/2024,TX,43831,2179,1682,1,1
1/20/2024,UT,3756,158,28,2,1
1/20/2024,VA,11977,687,302,0,0
1/20/2024,VT,865,39,26,0,0
1/20/2024,WA,10036,390,145,0,0
1/20/2024,WI,8134,437,175,0,0
1/20/2024,WY,577,30,23,0,0
1/27/2024,AK,1030,40,7,3,0
1/27/2024,AR,5396,286,275,0,0
1/27/2024,AZ,11448,465,616,6,0
1/27/2024,CA,50087,2761,732,19,16
1/27/2024,CO,7071,296,229,1,0
1/27/2024,CT,5931,358,156,5,5
1/27/2024,DC,2349,59,21,0,0
1/27/2024,DE,2019,62,28,3,3
1/27/2024,FL,44007,2100,835,0,0
1/27/2024,GA,16879,1010,455,0,0
1/27/2024,IA,4687,187,76,0,0
1/27/2024,ID,2075,113,69,5,4
1/27/2024,IL,20308,895,275,1,1
1/27/2024,IN,10703,486,428,5,2
1/27/2024,KS,4891,183,68,11,3
1/27/2024,KY,9004,320,251,1,1
1/27/2024,LA,7900,356,130,1,1
1/27/2024,MD,8357,388,171,0,0
1/27/2024,ME,2092,53,34,1,1
1/27/2024,MI,16132,656,388,2,2
1/27/2024,MO,12286,493,272,0,0
1/27/2024,MS,5320,166,161,0,0
1/27/2024,MT,1663,60,115,0,0
1/27/2024,ND,1413,39,48,0,0
1/27/2024,NE,3386,132,47,2,0
1/27/2024,NH,2214,74,24,0,0
1/27/2024,NY,36748,2280,923,17,16
1/27/2024,OH,20979,863,590,23,3
1/27/2024,OK,5963,290,346,7,4
1/27/2024,OR,5562,216,98,2,2
1/27/2024,PA,23699,1002,405,137,123
1/27/2024,PR,5229,261,51,0,0
1/27/2024,RI,1777,84,24,1,1
1/27/2024,SC,7938,428,213,0,0
1/27/2024,SD,1478,67,27,0,0
1/27/2024,TN,14691,401,280,0,0
1/27/2024,TX,44201,2275,1868,0,0
1/27/2024,UT,3764,144,38,7,0
1/27/2024,VA,12021,623,262,0,0
1/27/2024,VT,839,46,21,0,0
1/27/2024,WI,8073,337,141,NA,NA
1/27/2024,WY,561,17,40,0,0
2/3/2024,AK,1032,57,8,0,0
2/3/2024,AR,5454,256,245,0,0
2/3/2024,AZ,11233,403,343,9,4
2/3/2024,CA,49737,2384,547,12,10
2/3/2024,CO,7197,270,196,2,0
2/3/2024,CT,5879,271,111,1,1
2/3/2024,DE,2025,51,25,3,3
2/3/2024,FL,43796,2038,711,0,0
2/3/2024,GA,16937,1039,354,0,0
2/3/2024,HI,1946,96,5,0,0
2/3/2024,IA,4682,135,107,1,1
2/3/2024,ID,1937,84,71,4,1
2/3/2024,IL,20293,777,272,7,7
2/3/2024,IN,10939,413,453,2,2
2/3/2024,KS,4982,170,113,9,2
2/3/2024,KY,9703,286,225,0,0
2/3/2024,LA,8423,337,123,1,1
2/3/2024,MD,8496,323,113,0,0
2/3/2024,ME,2093,65,65,1,1
2/3/2024,MI,15967,645,483,3,3
2/3/2024,MO,12324,441,301,2,2
2/3/2024,MS,5135,175,111,0,0
2/3/2024,MT,1673,37,85,0,0
2/3/2024,ND,1423,36,40,0,0
2/3/2024,NE,3343,137,47,0,0
2/3/2024,NH,2207,76,37,1,1
2/3/2024,NY,37580,1925,769,9,9
2/3/2024,OH,21055,728,591,19,2
2/3/2024,OK,6016,280,419,10,8
2/3/2024,OR,5397,206,84,1,0
2/3/2024,PA,23426,866,450,55,41
2/3/2024,PR,5248,199,34,0,0
2/3/2024,RI,1759,62,17,6,6
2/3/2024,SD,1490,73,23,0,0
2/3/2024,TX,43835,2360,1869,0,0
2/3/2024,UT,3543,126,28,11,2
2/3/2024,VA,12111,597,184,0,0
2/3/2024,VT,841,42,18,0,0
2/3/2024,WI,8072,342,175,0,0
2/3/2024,WY,530,19,39,0,0
2/10/2024,AK,1048,52,11,1,0
2/10/2024,AR,5414,292,291,0,0
2/10/2024,AZ,11047,361,183,4,2
2/10/2024,CA,48902,2107,464,11,8
2/10/2024,CO,7025,239,196,3,1
2/10/2024,CT,5793,249,142,1,1
2/10/2024,DE,1998,74,25,3,3
2/10/2024,FL,42997,1951,828,1,1
2/10/2024,GA,16866,1014,308,2,2
2/10/2024,HI,1916,101,17,0,0
2/10/2024,IA,4561,137,112,1,1
2/10/2024,ID,1968,77,61,7,4
2/10/2024,IL,19734,745,250,5,5
2/10/2024,IN,10745,408,487,6,1
2/10/2024,KS,4848,160,139,6,3
2/10/2024,KY,9005,272,284,1,1
2/10/2024,LA,8430,384,97,0,0
2/10/2024,MD,8390,305,111,0,0
2/10/2024,ME,2133,68,77,0,0
2/10/2024,MI,16301,610,664,4,4
2/10/2024,MN,7713,222,164,0,0
2/10/2024,MO,12271,472,344,0,0
2/10/2024,MS,5163,185,86,1,0
2/10/2024,MT,1704,50,82,0,0
2/10/2024,ND,1421,49,31,0,0
2/10/2024,NE,3329,158,54,1,0
2/10/2024,NH,2169,79,43,2,2
2/10/2024,NM,3368,68,78,1,1
2/10/2024,NY,36296,1788,768,15,14
2/10/2024,OH,19704,687,607,17,4
2/10/2024,OK,5969,302,463,11,9
2/10/2024,OR,5305,166,87,1,1
2/10/2024,PA,23108,826,425,57,41
2/10/2024,PR,5181,225,68,0,0
2/10/2024,RI,1741,64,21,1,1
2/10/2024,SC,7831,431,132,0,0
2/10/2024,SD,1439,66,18,0,0
2/10/2024,TN,14683,315,196,0,0
2/10/2024,TX,44002,2528,1500,0,0
2/10/2024,UT,3662,116,16,11,0
2/10/2024,VA,11963,570,174,0,0
2/10/2024,VT,874,29,20,0,0
2/10/2024,WI,8034,364,178,0,0
2/10/2024,WY,549,32,33,0,0
2/17/2024,AK,1020,39,2,0,NA
2/17/2024,AR,5346,238,258,0,0
2/17/2024,AZ,10970,318,204,2,2
2/17/2024,CA,48919,2017,342,6,5
2/17/2024,CO,6889,241,137,1,1
2/17/2024,CT,5722,233,119,1,1
2/17/2024,DE,1976,63,36,2,2
2/17/2024,FL,42924,1851,678,0,0
2/17/2024,GA,16910,1096,259,0,0
2/17/2024,IA,4531,100,124,0,0
2/17/2024,ID,1941,62,59,5,4
2/17/2024,IL,19433,821,262,3,3
2/17/2024,IN,10764,348,439,0,0
2/17/2024,KS,4662,209,111,4,0
2/17/2024,KY,8887,287,282,0,0
2/17/2024,LA,8066,346,85,0,0
2/17/2024,MD,8499,282,123,0,0
2/17/2024,ME,2144,58,86,1,1
2/17/2024,MI,16014,561,770,2,2
2/17/2024,MO,12029,443,354,0,0
2/17/2024,MS,5141,164,94,0,0
2/17/2024,MT,1708,46,24,0,0
2/17/2024,ND,1383,44,29,0,0
2/17/2024,NE,3297,109,54,0,0
2/17/2024,NH,2142,70,41,1,1
2/17/2024,NM,3281,72,73,0,0
2/17/2024,NY,35890,1506,789,19,17
2/17/2024,OH,20638,630,610,18,1
2/17/2024,OK,5855,286,389,9,7
2/17/2024,OR,5164,179,65,2,2
2/17/2024,PA,23024,838,493,43,31
2/17/2024,PR,5271,196,52,0,0
2/17/2024,RI,1760,46,29,1,1
2/17/2024,SD,1388,60,26,2,0
2/17/2024,TX,44079,2289,1125,0,0
2/17/2024,UT,3575,100,19,8,1
2/17/2024,VA,11889,599,195,0,0
2/17/2024,VT,843,27,21,0,0
2/17/2024,WY,585,20,44,0,0
2/24/2024,AR,5351,224,275,0,0
2/24/2024,AZ,11020,291,204,8,5
2/24/2024,CA,49035,1687,302,6,6
2/24/2024,CO,7093,206,129,0,0
2/24/2024,CT,5793,205,171,2,2
2/24/2024,DE,1991,74,24,0,0
2/24/2024,FL,42533,1548,619,0,0
2/24/2024,GA,16526,978,192,0,0
2/24/2024,HI,1941,101,14,0,0
2/24/2024,IA,4672,122,157,2,0
2/24/2024,ID,1953,99,90,8,3
2/24/2024,IL,19505,763,318,2,2
2/24/2024,IN,10800,390,419,4,2
2/24/2024,KS,4710,210,82,2,1
2/24/2024,KY,9153,308,279,0,0
2/24/2024,LA,8262,320,94,1,1
2/24/2024,MD,8497,243,118,0,0
2/24/2024,ME,2133,70,69,4,4
2/24/2024,MI,16093,563,974,3,2
2/24/2024,MO,12091,442,454,1,1
2/24/2024,MS,5052,150,55,0,0
2/24/2024,MT,1681,44,22,2,2
2/24/2024,ND,1398,42,25,4,2
2/24/2024,NE,3343,127,84,0,0
2/24/2024,NH,2110,57,33,0,0
2/24/2024,NY,35843,1271,793,13,13
2/24/2024,OH,20746,647,658,9,0
2/24/2024,OK,5845,255,169,7,5
2/24/2024,OR,5202,191,89,2,2
2/24/2024,PA,23218,793,493,35,27
2/24/2024,PR,5300,169,52,0,0
2/24/2024,RI,1723,42,34,1,1
2/24/2024,SC,7797,373,111,0,0
2/24/2024,SD,1433,61,42,0,0
2/24/2024,TX,43347,1986,995,2,2
2/24/2024,UT,3561,87,9,0,0
2/24/2024,VA,11927,590,207,0,0
2/24/2024,VT,830,26,26,0,0
2/24/2024,WI,7991,332,213,NA,NA
2/24/2024,WY,587,14,27,0,0
3/2/2024,AK,1000,22,11,1,1
3/2/2024,AR,5287,221,278,0,0
3/2/2024,AZ,10967,242,182,4,2
3/2/2024,CA,48804,1501,266,9,6
3/2/2024,CO,7045,137,93,1,0
3/2/2024,CT,5825,177,212,2,2
3/2/2024,DE,2049,79,33,7,7
3/2/2024,FL,42702,1452,538,0,0
3/2/2024,GA,16543,859,203,0,0
3/2/2024,HI,1923,107,16,1,1
3/2/2024,IA,4630,91,180,0,0
3/2/2024,ID,1950,69,61,3,1
3/2/2024,IL,19594,657,331,0,0
3/2/2024,IN,10921,374,390,2,2
3/2/2024,KS,4737,167,87,4,1
3/2/2024,KY,8969,272,280,11,9
3/2/2024,LA,8315,321,77,0,0
3/2/2024,MD,8549,278,176,0,0
3/2/2024,ME,2099,50,64,1,1
3/2/2024,MI,16249,544,1017,1,1
3/2/2024,MO,12101,398,443,2,2
3/2/2024,MS,5091,151,67,0,0
3/2/2024,MT,1670,46,27,0,0
3/2/2024,ND,1389,36,22,7,5
3/2/2024,NE,3293,104,95,0,0
3/2/2024,NH,2103,44,39,1,1
3/2/2024,NY,36225,1106,773,16,14
3/2/2024,OH,20717,517,637,1,1
3/2/2024,OK,5847,241,179,7,3
3/2/2024,OR,5158,150,76,3,1
3/2/2024,PA,23168,638,544,16,13
3/2/2024,PR,5267,107,43,0,0
3/2/2024,RI,1736,19,27,0,0
3/2/2024,SD,1454,40,46,1,0
3/2/2024,TX,43717,1656,811,0,0
3/2/2024,UT,3618,85,17,1,1
3/2/2024,VA,12026,488,219,0,0
3/2/2024,VT,860,19,30,0,0
3/2/2024,WA,9790,270,75,7,7
3/2/2024,WY,596,5,25,0,0
3/9/2024,AK,1004,33,5,1,1
3/9/2024,AR,5424,212,247,0,0
3/9/2024,AZ,10924,196,125,3,1
3/9/2024,CA,48272,1262,207,7,6
3/9/2024,CO,6969,129,80,1,0
3/9/2024,CT,5790,164,165,1,1
3/9/2024,DC,2305,55,36,0,0
3/9/2024,DE,2041,50,26,1,1
3/9/2024,FL,42992,1198,536,0,0
3/9/2024,GA,16396,748,156,0,0
3/9/2024,HI,1908,77,9,0,0
3/9/2024,IA,4600,99,178,0,0
3/9/2024,ID,1890,42,70,3,2
3/9/2024,IL,19484,550,267,4,4
3/9/2024,IN,10725,306,414,1,1
3/9/2024,KS,4664,148,84,1,1
3/9/2024,KY,8973,330,190,1,1
3/9/2024,LA,8314,276,55,0,0
3/9/2024,MD,8460,242,170,0,0
3/9/2024,ME,2068,40,50,0,0
3/9/2024,MI,16270,480,851,1,1
3/9/2024,MO,12083,372,408,2,2
3/9/2024,MS,5101,149,61,0,0
3/9/2024,MT,1688,44,28,0,0
3/9/2024,ND,1379,38,21,0,0
3/9/2024,NE,3283,110,86,1,1
3/9/2024,NH,2087,54,33,0,0
3/9/2024,NY,36163,883,596,7,5
3/9/2024,OH,20691,379,623,1,1
3/9/2024,OK,5868,238,181,5,2
3/9/2024,OR,5222,129,79,0,0
3/9/2024,PA,23124,556,511,26,24
3/9/2024,PR,5243,62,52,0,0
3/9/2024,RI,1701,31,23,0,0
3/9/2024,SD,1381,41,37,0,0
3/9/2024,TN,14599,403,188,0,0
3/9/2024,TX,43165,1425,637,0,0
3/9/2024,UT,3632,113,14,3,0
3/9/2024,VA,11998,471,196,0,0
3/9/2024,VT,842,18,29,0,0
3/9/2024,WA,9726,228,56,31,24
3/9/2024,WI,7847,234,197,0,0
3/9/2024,WY,554,7,15,0,0
3/16/2024,AK,1005,18,9,1,0
3/16/2024,AR,5268,171,190,0,0
3/16/2024,AZ,10888,183,134,1,0
3/16/2024,CA,48678,1118,188,4,4
3/16/2024,CO,6698,121,96,0,0
3/16/2024,CT,5825,123,99,1,1
3/16/2024,DE,2004,30,18,5,4
3/16/2024,FL,43064,925,516,0,0
3/16/2024,GA,16336,490,102,0,0
3/16/2024,IA,4583,65,115,0,0
3/16/2024,ID,1850,55,68,4,3
3/16/2024,IL,19740,466,250,0,0
3/16/2024,IN,10722,263,275,3,1
3/16/2024,KS,4525,145,95,0,0
3/16/2024,KY,8824,192,142,1,1
3/16/2024,LA,8173,196,40,0,0
3/16/2024,MD,8406,176,114,0,0
3/16/2024,ME,2039,33,33,0,0
3/16/2024,MI,16322,396,599,0,0
3/16/2024,MO,11894,269,278,0,0
3/16/2024,MS,4896,102,55,0,0
3/16/2024,MT,1675,33,35,0,0
3/16/2024,ND,1367,30,29,0,0
3/16/2024,NE,3236,103,69,0,0
3/16/2024,NH,2082,46,38,0,0
3/16/2024,NY,35848,694,414,10,10
3/16/2024,OH,20472,407,357,4,1
3/16/2024,OK,5755,187,139,2,1
3/16/2024,OR,5245,141,68,1,0
3/16/2024,PA,22609,439,369,22,15
3/16/2024,PR,5359,87,63,0,0
3/16/2024,RI,1750,18,21,0,0
3/16/2024,SD,1414,22,43,1,1
3/16/2024,TN,14256,287,129,0,0
3/16/2024,TX,42328,1216,538,0,0
3/16/2024,UT,3632,75,13,4,2
3/16/2024,VA,11998,386,134,0,0
3/16/2024,VT,805,11,24,1,1
3/16/2024,WA,9683,191,85,35,28
3/16/2024,WI,7775,215,183,0,0
3/16/2024,WY,554,18,11,2,1
3/23/2024,AK,994,12,10,1,0
3/23/2024,AR,5030,140,103,0,0
3/23/2024,AZ,10917,157,106,0,0
3/23/2024,CA,48817,1006,175,3,2
3/23/2024,CO,6776,114,97,0,0
3/23/2024,CT,5824,85,83,1,1
3/23/2024,DE,1976,32,16,0,0
3/23/2024,FL,41952,792,423,0,0
3/23/2024,GA,16326,402,81,10,0
3/23/2024,HI,1879,69,6,0,0
3/23/2024,IA,4620,45,94,3,3
3/23/2024,ID,1838,51,55,2,0
3/23/2024,IL,19591,386,212,2,2
3/23/2024,IN,10798,214,174,1,1
3/23/2024,KS,4568,98,66,1,0
3/23/2024,KY,9151,147,129,0,0
3/23/2024,LA,8109,180,33,0,0
3/23/2024,MD,8414,151,75,0,0
3/23/2024,ME,2102,40,26,0,0
3/23/2024,MI,16132,322,530,1,1
3/23/2024,MO,11686,244,192,0,0
3/23/2024,MS,4948,102,45,0,0
3/23/2024,MT,1677,39,21,0,0
3/23/2024,ND,1352,27,20,0,0
3/23/2024,NE,3227,64,60,0,0
3/23/2024,NH,2081,25,25,0,0
3/23/2024,NY,35985,637,356,9,9
3/23/2024,OH,20246,317,299,4,1
3/23/2024,OK,5609,166,94,6,5
3/23/2024,OR,5327,129,97,0,0
3/23/2024,PA,22798,408,345,13,7
3/23/2024,PR,5227,52,50,0,0
3/23/2024,RI,1767,17,13,0,0
3/23/2024,SD,1376,19,59,0,0
3/23/2024,TN,14367,242,127,0,0
3/23/2024,TX,42198,1060,398,1,1
3/23/2024,UT,3676,65,11,1,0
3/23/2024,VA,11862,367,135,0,0
3/23/2024,VT,831,15,18,0,0
3/23/2024,WA,9716,197,81,25,16
3/23/2024,WI,7784,183,132,NA,NA
3/23/2024,WY,527,5,5,0,0
3/30/2024,AK,987,6,8,0,0
3/30/2024,AL,9627,208,60,0,0
3/30/2024,AR,5290,104,82,0,0
3/30/2024,AZ,10876,157,97,3,0
3/30/2024,CA,48060,876,180,3,2
3/30/2024,CO,6707,124,68,0,0
3/30/2024,CT,5890,69,89,0,0
3/30/2024,DC,2282,23,18,0,0
3/30/2024,DE,1950,37,15,0,0
3/30/2024,FL,41355,680,404,0,0
3/30/2024,GA,16070,362,64,0,0
3/30/2024,HI,1856,60,7,NA,NA
3/30/2024,IA,4639,42,90,2,1
3/30/2024,ID,1882,36,45,4,1
3/30/2024,IL,19258,378,201,4,4
3/30/2024,IN,10362,195,175,0,0
3/30/2024,KS,4694,97,66,0,0
3/30/2024,KY,8784,137,120,0,0
3/30/2024,LA,8061,133,47,0,0
3/30/2024,MD,8189,114,76,1,1
3/30/2024,ME,2085,22,23,0,0
3/30/2024,MI,15876,269,523,1,1
3/30/2024,MO,11642,170,193,0,0
3/30/2024,MS,4916,53,47,0,0
3/30/2024,MT,1638,27,29,0,0
3/30/2024,ND,1365,20,31,0,0
3/30/2024,NE,3328,70,51,0,0
3/30/2024,NH,2039,14,17,0,0
3/30/2024,NY,35421,535,391,5,5
3/30/2024,OH,19952,260,244,4,2
3/30/2024,OK,5668,143,91,1,1
3/30/2024,OR,5129,82,64,0,0
3/30/2024,PA,22263,334,267,12,8
3/30/2024,PR,5056,70,47,0,0
3/30/2024,RI,1700,19,14,0,0
3/30/2024,SD,1356,20,33,0,0
3/30/2024,TX,42309,917,360,0,0
3/30/2024,UT,3654,57,11,3,0
3/30/2024,VA,11666,340,111,0,0
3/30/2024,WA,9457,147,56,16,12
3/30/2024,WI,7748,156,126,0,0
3/30/2024,WY,536,9,11,2,0
4/6/2024,AK,940,6,7,0,0
4/6/2024,AL,9487,192,39,0,0
4/6/2024,AR,5036,83,60,0,0
4/6/2024,AZ,10626,146,81,1,1
4/6/2024,CA,47531,822,151,2,2
4/6/2024,CO,6675,97,49,0,0
4/6/2024,CT,5899,89,88,0,0
4/6/2024,DE,1901,25,19,1,1
4/6/2024,FL,40960,577,312,0,0
4/6/2024,GA,15750,312,60,0,0
4/6/2024,IA,4605,42,82,2,2
4/6/2024,ID,1869,34,31,2,2
4/6/2024,IL,19153,322,182,3,3
4/6/2024,IN,10234,156,166,1,1
4/6/2024,KS,4509,85,42,0,0
4/6/2024,KY,8498,124,102,0,0
4/6/2024,LA,8026,118,32,1,1
4/6/2024,MD,8274,115,88,0,0
4/6/2024,ME,2059,22,24,0,0
4/6/2024,MI,15661,265,457,0,0
4/6/2024,MO,11862,158,146,0,0
4/6/2024,MS,4943,54,53,0,0
4/6/2024,MT,1639,17,7,0,0
4/6/2024,ND,1353,22,19,0,0
4/6/2024,NE,3234,30,54,0,0
4/6/2024,NH,2037,20,16,0,0
4/6/2024,NY,35652,547,411,5,5
4/6/2024,OH,20079,295,264,2,1
4/6/2024,OK,5700,97,63,0,0
4/6/2024,OR,5152,80,51,0,0
4/6/2024,PA,22304,359,256,9,5
4/6/2024,PR,4999,41,39,0,0
4/6/2024,RI,1694,26,16,0,0
4/6/2024,SD,1368,22,37,0,0
4/6/2024,TX,42765,828,308,0,0
4/6/2024,UT,3521,59,5,0,0
4/6/2024,VA,11726,308,157,0,0
4/6/2024,VT,852,11,9,0,0
4/6/2024,WA,9350,133,43,17,15
4/6/2024,WI,7795,164,124,0,0
4/6/2024,WY,536,3,7,2,0
4/13/2024,AK,945,7,4,0,0
4/13/2024,AL,9670,158,19,0,0
4/13/2024,AR,5011,64,47,0,0
4/13/2024,AZ,10631,143,85,0,0
4/13/2024,CA,48472,818,179,5,3
4/13/2024,CO,6705,84,55,1,0
4/13/2024,CT,5962,59,62,0,0
4/13/2024,DE,1971,34,7,0,0
4/13/2024,FL,41128,473,326,0,0
4/13/2024,GA,15919,243,57,0,0
4/13/2024,IA,4596,34,63,0,0
4/13/2024,ID,1851,34,12,1,0
4/13/2024,IL,19245,301,186,1,1
4/13/2024,IN,10415,153,112,1,0
4/13/2024,KS,4778,66,27,1,1
4/13/2024,KY,8673,123,67,2,2
4/13/2024,LA,8145,86,30,0,0
4/13/2024,MD,8359,91,55,0,0
4/13/2024,ME,2089,15,15,0,0
4/13/2024,MI,16115,225,334,0,0
4/13/2024,MO,11796,144,108,0,0
4/13/2024,MS,4908,42,38,0,0
4/13/2024,MT,1642,18,9,0,0
4/13/2024,ND,1359,24,18,0,0
4/13/2024,NE,3287,34,45,0,0
4/13/2024,NH,2074,23,14,2,2
4/13/2024,NY,35893,527,366,2,2
4/13/2024,OH,20358,269,193,2,0
4/13/2024,OK,5642,85,35,0,0
4/13/2024,OR,5117,80,33,0,0
4/13/2024,PA,22457,325,196,9,4
4/13/2024,PR,5238,30,43,0,0
4/13/2024,RI,1737,23,14,0,0
4/13/2024,SC,7671,112,64,0,0
4/13/2024,SD,1449,30,14,0,0
4/13/2024,TX,42752,777,275,0,0
4/13/2024,UT,3528,46,1,0,0
4/13/2024,VA,11879,302,110,0,0
4/13/2024,VT,857,9,16,0,0
4/13/2024,WA,9292,102,42,12,10
4/13/2024,WI,7911,96,77,NA,NA
4/13/2024,WY,564,11,6,1,0
4/20/2024,AK,859,2,2,0,0
4/20/2024,AL,9760,142,17,0,0
4/20/2024,AR,5179,56,30,0,0
4/20/2024,AZ,10560,101,79,0,0
4/20/2024,CA,48042,736,157,5,0
4/20/2024,CO,6689,68,26,0,0
4/20/2024,CT,5928,55,57,1,1
4/20/2024,DE,1908,20,8,1,1
4/20/2024,FL,40791,420,239,0,0
4/20/2024,GA,16051,209,40,0,0
4/20/2024,HI,1878,57,5,NA,NA
4/20/2024,IA,4598,29,53,0,0
4/20/2024,ID,1826,29,15,0,0
4/20/2024,IL,19436,229,122,1,1
4/20/2024,IN,10586,139,61,0,0
4/20/2024,KS,4625,72,40,0,0
4/20/2024,KY,8874,69,46,0,0
4/20/2024,LA,8193,78,24,0,0
4/20/2024,MD,8324,81,38,0,0
4/20/2024,ME,2091,20,16,1,1
4/20/2024,MI,16221,194,170,1,1
4/20/2024,MO,11924,131,83,0,0
4/20/2024,MS,4993,37,25,0,0
4/20/2024,MT,1636,17,6,0,0
4/20/2024,ND,1370,11,15,0,0
4/20/2024,NE,3231,33,27,0,0
4/20/2024,NH,2075,19,12,0,0
4/20/2024,NY,36022,447,217,5,5
4/20/2024,OH,20659,210,110,1,0
4/20/2024,OK,5680,77,30,0,0
4/20/2024,OR,5178,63,32,2,0
4/20/2024,PA,22789,259,146,5,4
4/20/2024,PR,5170,39,36,0,0
4/20/2024,RI,1700,20,11,0,0
4/20/2024,SC,7718,74,37,0,0
4/20/2024,SD,1409,17,24,0,0
4/20/2024,TX,42637,735,255,0,0
4/20/2024,UT,3591,57,3,0,0
4/20/2024,VA,11837,273,79,0,0
4/20/2024,WA,9401,104,26,8,7
4/20/2024,WY,542,10,2,0,0
4/27/2024,AK,869,8,5,0,0
4/27/2024,AL,9690,99,15,0,0
4/27/2024,AR,5066,53,60,0,0
4/27/2024,AZ,10560,95,105,0,0
4/27/2024,CA,47533,724,156,0,0
4/27/2024,CO,6629,82,23,0,0
4/27/2024,CT,5885,44,64,0,0
4/27/2024,DE,1867,25,2,0,0
4/27/2024,FL,40241,428,262,0,0
4/27/2024,GA,15973,172,35,0,0
4/27/2024,IA,4550,28,22,0,0
4/27/2024,ID,1830,37,16,0,0
4/27/2024,IL,19061,236,88,3,1
4/27/2024,IN,10319,65,46,0,0
4/27/2024,KS,4616,58,27,1,1
4/27/2024,KY,8609,74,25,0,0
4/27/2024,LA,8038,55,17,0,0
4/27/2024,MD,8170,74,20,0,0
4/27/2024,ME,2074,16,14,0,0
4/27/2024,MI,15828,138,123,0,0
4/27/2024,MO,11725,115,59,0,0
4/27/2024,MS,4923,33,21,0,0
4/27/2024,MT,1658,11,3,0,0
4/27/2024,ND,1328,15,7,0,0
4/27/2024,NE,3208,26,17,0,0
4/27/2024,NH,2010,24,4,0,0
4/27/2024,NY,35229,428,164,5,5
4/27/2024,OH,20128,186,78,0,0
4/27/2024,OK,5565,68,36,5,3
4/27/2024,OR,5064,45,30,0,0
4/27/2024,PA,22236,177,116,5,3
4/27/2024,PR,5308,48,44,0,0
4/27/2024,RI,1696,18,7,0,0
4/27/2024,SC,7913,67,30,NA,NA
4/27/2024,SD,1387,16,14,0,0
4/27/2024,TX,42373,643,171,0,0
4/27/2024,UT,3580,36,6,0,0
4/27/2024,VA,11771,245,58,0,0
4/27/2024,WA,9534,83,37,2,2
4/27/2024,WI,7710,81,37,0,0
4/27/2024,WY,539,8,4,0,0
5/4/2024,AK,840,2,3,0,0
5/4/2024,AL,9483,63,10,0,0
5/4/2024,AR,4947,26,14,0,0
5/4/2024,AZ,10184,109,75,0,0
5/4/2024,CA,44166,555,77,0,0
5/4/2024,CO,6426,40,23,0,0
5/4/2024,CT,5833,60,34,0,0
5/4/2024,DE,1887,26,4,0,0
5/4/2024,FL,39192,312,141,0,0
5/4/2024,GA,14736,117,16,0,0
5/4/2024,IA,3794,11,9,1,0
5/4/2024,ID,1842,22,2,1,1
5/4/2024,IL,15948,124,43,0,0
5/4/2024,IN,10222,49,36,0,0
5/4/2024,KS,4390,43,9,0,0
5/4/2024,KY,8510,58,10,0,0
5/4/2024,LA,6214,24,9,0,0
5/4/2024,MD,8046,42,10,0,0
5/4/2024,ME,2027,14,9,0,0
5/4/2024,MI,16009,132,83,0,0
5/4/2024,MO,11532,60,33,0,0
5/4/2024,MS,4885,12,20,0,0
5/4/2024,MT,1637,13,0,0,0
5/4/2024,ND,1113,4,4,0,0
5/4/2024,NE,3114,22,5,0,0
5/4/2024,NH,2000,10,3,0,0
5/4/2024,NM,3075,33,11,0,0
5/4/2024,NY,34180,330,132,5,5
5/4/2024,OH,19529,99,46,0,0
5/4/2024,OK,5535,38,16,0,0
5/4/2024,OR,4322,39,17,0,0
5/4/2024,PA,22087,172,95,3,2
5/4/2024,PR,5370,60,32,0,0
5/4/2024,RI,1709,10,3,0,0
5/4/2024,SD,1341,8,7,0,0
5/4/2024,TX,41544,274,89,0,0
5/4/2024,UT,3509,22,2,0,0
5/4/2024,VA,11713,133,58,0,0
5/4/2024,WA,9513,88,25,2,2
5/4/2024,WI,6014,57,15,0,0
5/4/2024,WY,560,6,4,0,0
5/11/2024,AL,1465,38,0,0,0
5/11/2024,AR,2168,10,12,0,0
5/11/2024,AZ,7262,91,73,5,5
5/11/2024,CA,28611,438,49,0,0
5/11/2024,CO,1863,18,12,0,0
5/11/2024,CT,5465,69,22,0,0
5/11/2024,DE,1648,15,1,0,0
5/11/2024,FL,12659,161,85,0,0
5/11/2024,GA,4771,35,7,0,0
5/11/2024,IA,2884,11,3,0,0
5/11/2024,IL,9166,89,13,1,0
5/11/2024,IN,5298,46,12,0,0
5/11/2024,KS,1014,23,5,0,0
5/11/2024,KY,4365,32,3,0,0
5/11/2024,LA,4133,17,8,0,0
5/11/2024,MD,5236,41,5,0,0
5/11/2024,ME,1741,8,8,0,0
5/11/2024,MI,12687,106,50,0,0
5/11/2024,MO,5294,29,18,0,0
5/11/2024,MS,3530,8,14,0,0
5/11/2024,MT,997,8,2,0,0
5/11/2024,ND,216,2,0,0,0
5/11/2024,NE,320,7,1,0,0
5/11/2024,NH,639,7,0,0,0
5/11/2024,NY,22357,230,52,4,4
5/11/2024,OH,6726,35,9,0,0
5/11/2024,OK,1758,19,9,0,0
5/11/2024,OR,3207,31,18,0,0
5/11/2024,PA,19082,164,84,1,1
5/11/2024,PR,5216,40,28,0,0
5/11/2024,RI,1699,9,4,0,0
5/11/2024,TX,2457,8,1,0,0
5/11/2024,UT,2287,26,3,0,0
5/11/2024,VA,5383,41,39,0,0
5/11/2024,WA,9676,101,28,5,5
5/11/2024,WY,623,6,0,0,0
5/18/2024,AL,467,10,2,0,0
5/18/2024,AR,2124,10,0,0,0
5/18/2024,AZ,5842,77,66,2,2
5/18/2024,CA,27450,486,57,0,0
5/18/2024,CO,1554,21,6,0,0
5/18/2024,CT,5391,48,10,0,0
5/18/2024,DC,2198,8,2,0,0
5/18/2024,DE,1592,17,1,0,0
5/18/2024,FL,11410,196,91,0,0
5/18/2024,GA,4523,31,6,0,0
5/18/2024,HI,613,15,2,0,0
5/18/2024,IA,2756,8,3,0,0
5/18/2024,IL,8963,77,10,0,0
5/18/2024,IN,5986,25,11,0,0
5/18/2024,KS,825,28,2,2,0
5/18/2024,KY,4339,29,5,0,0
5/18/2024,LA,3744,18,3,0,0
5/18/2024,MD,3997,31,0,0,0
5/18/2024,ME,1289,8,3,0,0
5/18/2024,MI,12693,82,31,0,0
5/18/2024,MO,4982,30,11,0,0
5/18/2024,MS,2910,9,22,0,0
5/18/2024,MT,1038,12,1,0,0
5/18/2024,ND,198,1,1,0,0
5/18/2024,NE,274,3,2,0,0
5/18/2024,NY,20457,242,28,0,0
5/18/2024,OH,5976,38,12,2,0
5/18/2024,OK,1621,28,5,0,0
5/18/2024,OR,3099,37,21,1,1
5/18/2024,PA,18642,140,92,1,1
5/18/2024,PR,481,3,17,0,0
5/18/2024,TX,1833,2,0,0,0
5/18/2024,VA,4855,38,39,0,0
5/18/2024,WA,9535,102,12,7,7
5/18/2024,WI,4598,45,11,NA,NA
5/18/2024,WY,605,4,1,0,0
5/25/2024,AL,495,14,0,0,0
5/25/2024,AR,2173,28,2,2,2
5/25/2024,AZ,5825,93,66,0,0
5/25/2024,CA,26793,505,42,0,0
5/25/2024,CO,1523,26,11,0,0
5/25/2024,CT,5345,66,6,0,0
5/25/2024,DE,1540,12,1,0,0
5/25/2024,FL,11075,202,97,0,0
5/25/2024,GA,3289,18,3,0,0
5/25/2024,HI,576,24,2,0,0
5/25/2024,IA,2726,7,2,0,0
5/25/2024,IL,7796,63,9,0,0
5/25/2024,IN,4912,37,4,1,1
5/25/2024,KS,810,9,5,0,0
5/25/2024,KY,3636,25,3,0,0
5/25/2024,LA,3678,15,9,0,0
5/25/2024,MD,2338,23,0,0,0
5/25/2024,ME,1258,9,5,0,0
5/25/2024,MI,12465,83,29,0,0
5/25/2024,MO,4793,28,10,0,0
5/25/2024,MS,2633,10,8,0,0
5/25/2024,MT,996,21,1,0,0
5/25/2024,ND,186,0,0,0,0
5/25/2024,NE,281,4,0,0,0
5/25/2024,NY,16856,265,20,0,0
5/25/2024,OH,5583,35,11,0,0
5/25/2024,OK,1609,19,6,0,0
5/25/2024,OR,3137,28,14,0,0
5/25/2024,PA,18316,129,85,2,1
5/25/2024,PR,450,10,4,0,0
5/25/2024,TX,3170,8,3,0,0
5/25/2024,VA,4830,33,32,0,0
5/25/2024,WA,9433,122,21,4,4
6/1/2024,AL,465,0,0,0,0
6/1/2024,AR,2136,8,6,1,1
6/1/2024,AZ,5566,90,68,2,2
6/1/2024,CA,26259,557,56,0,0
6/1/2024,CO,1476,27,10,0,0
6/1/2024,CT,5416,86,4,1,1
6/1/2024,DE,1543,12,0,0,0
6/1/2024,FL,10734,252,77,0,0
6/1/2024,GA,3284,21,5,0,0
6/1/2024,HI,620,30,6,2,0
6/1/2024,IA,2641,8,1,0,0
6/1/2024,IL,7524,75,9,1,0
6/1/2024,IN,5189,28,5,0,0
6/1/2024,KS,737,10,2,0,0
6/1/2024,KY,3404,14,5,0,0
6/1/2024,LA,3664,23,6,0,0
6/1/2024,MD,2310,29,5,0,0
6/1/2024,ME,1220,7,5,0,0
6/1/2024,MI,12465,89,15,0,0
6/1/2024,MO,4298,24,6,0,0
6/1/2024,MS,2528,2,13,0,0
6/1/2024,MT,1015,13,2,0,0
6/1/2024,ND,188,0,0,0,0
6/1/2024,NE,217,1,0,0,0
6/1/2024,NM,3061,31,10,0,0
6/1/2024,NY,15982,227,12,0,0
6/1/2024,OH,5412,29,5,0,0
6/1/2024,OK,1526,17,2,0,0
6/1/2024,OR,3112,41,17,0,0
6/1/2024,PA,17571,119,79,3,1
6/1/2024,PR,489,8,10,0,0
6/1/2024,TX,2990,3,0,0,0
6/1/2024,VA,4607,36,45,0,0
6/1/2024,WA,9368,131,21,1,1
6/1/2024,WY,590,13,0,1,0
6/8/2024,PA,17656,126,59,0,0
6/8/2024,PR,474,19,9,0,0
6/8/2024,TX,2957,7,1,0,0
6/8/2024,VA,4585,41,24,0,0
6/8/2024,WA,9331,157,39,1,1
6/8/2024,WI,4578,51,0,0,0
6/8/2024,WY,583,6,5,0,0
6/8/2024,AL,334,1,0,0,0
6/8/2024,AR,2119,20,5,0,0
6/8/2024,AZ,5630,106,53,1,1
6/8/2024,CA,26506,606,59,0,0
6/8/2024,CO,1492,19,4,0,0
6/8/2024,CT,5430,74,5,0,0
6/8/2024,DC,1776,8,0,0,0
6/8/2024,DE,1556,16,1,0,0
6/8/2024,FL,10482,283,81,0,0
6/8/2024,GA,3252,25,2,0,0
6/8/2024,HI,637,34,1,0,0
6/8/2024,IA,2760,13,0,0,0
6/8/2024,IL,7594,76,8,0,0
6/8/2024,IN,4440,37,5,0,0
6/8/2024,KS,768,9,5,0,0
6/8/2024,KY,2197,12,7,0,0
6/8/2024,LA,3659,28,5,0,0
6/8/2024,MD,2260,26,3,0,0
6/8/2024,ME,1131,8,1,0,0
6/8/2024,MI,12429,81,9,0,0
6/8/2024,MO,3724,22,4,0,0
6/8/2024,MS,2485,10,11,0,0
6/8/2024,MT,975,15,0,0,0
6/8/2024,ND,292,1,0,0,0
6/8/2024,NE,224,4,1,1,1
6/8/2024,NY,14472,216,10,0,0
6/8/2024,OH,5229,52,3,1,0
6/8/2024,OK,1309,8,1,0,0
6/8/2024,OR,2584,46,16,0,0
6/15/2024,AL,300,2,0,0,0
6/15/2024,AR,2007,20,5,0,0
6/15/2024,AZ,5900,130,69,2,2
6/15/2024,CA,26513,754,58,0,0
6/15/2024,CO,1445,20,3,0,0
6/15/2024,CT,5351,72,2,0,0
6/15/2024,DC,1764,11,0,0,0
6/15/2024,DE,1554,14,0,0,0
6/15/2024,FL,10549,325,80,0,0
6/15/2024,GA,3098,18,1,0,0
6/15/2024,HI,648,54,3,0,0
6/15/2024,IA,2636,20,1,0,0
6/15/2024,IL,7516,99,9,0,0
6/15/2024,IN,4468,49,2,0,0
6/15/2024,KS,749,3,1,0,0
6/15/2024,KY,2229,23,3,2,2
6/15/2024,LA,3576,37,4,0,0
6/15/2024,MD,2286,17,0,0,0
6/15/2024,ME,1148,5,3,0,0
6/15/2024,MI,12552,88,9,0,0
6/15/2024,MO,3364,41,3,0,0
6/15/2024,MS,2544,8,13,0,0
6/15/2024,MT,956,13,2,0,0
6/15/2024,ND,186,0,0,0,0
6/15/2024,NE,859,7,0,0,0
6/15/2024,NJ,14546,194,25,0,0
6/15/2024,NY,14296,184,10,0,0
6/15/2024,OH,5158,39,3,1,0
6/15/2024,OK,1276,12,1,0,0
6/15/2024,OR,2547,59,6,0,0
6/15/2024,PA,17487,134,80,0,0
6/15/2024,PR,469,24,6,0,0
6/15/2024,SD,190,5,0,0,0
6/15/2024,TX,2954,6,1,0,0
6/15/2024,VA,4536,52,40,0,0
6/15/2024,WA,9601,207,20,0,0
6/15/2024,WY,566,3,4,0,0
6/22/2024,AL,316,2,0,0,0
6/22/2024,AR,2092,28,5,0,0
6/22/2024,AZ,5864,149,44,2,2
6/22/2024,CA,25411,905,64,2,0
6/22/2024,CO,1446,20,3,0,0
6/22/2024,CT,5227,72,3,1,1
6/22/2024,DE,1540,18,0,0,0
6/22/2024,FL,10628,487,64,0,0
6/22/2024,GA,3088,30,2,0,0
6/22/2024,HI,650,47,4,0,0
6/22/2024,IA,2638,14,0,0,0
6/22/2024,IL,7416,102,6,0,0
6/22/2024,IN,4372,49,5,0,0
6/22/2024,KS,691,4,1,0,0
6/22/2024,KY,2206,17,1,1,1
6/22/2024,LA,3227,35,4,1,1
6/22/2024,MD,2296,37,0,0,0
6/22/2024,ME,222,5,1,0,0
6/22/2024,MI,12356,104,9,0,0
6/22/2024,MO,3368,33,3,0,0
6/22/2024,MS,2435,4,16,0,0
6/22/2024,MT,876,12,2,0,0
6/22/2024,ND,188,1,1,0,0
6/22/2024,NE,283,9,0,0,0
6/22/2024,NY,12690,222,7,0,0
6/22/2024,OH,5025,57,6,1,0
6/22/2024,OK,1274,24,1,0,0
6/22/2024,OR,2184,73,14,0,0
6/22/2024,PA,14243,114,51,1,1
6/22/2024,PR,490,30,10,0,0
6/22/2024,SD,174,2,0,0,0
6/22/2024,TX,2980,2,1,0,0
6/22/2024,VA,4667,46,25,0,0
6/22/2024,WA,9277,240,28,1,1
6/22/2024,WY,539,10,3,0,0
6/29/2024,AL,358,3,0,0,0
6/29/2024,AR,2161,31,1,0,0
6/29/2024,AZ,6057,192,23,0,0
6/29/2024,CA,26733,1036,49,2,0
6/29/2024,CO,1529,29,3,0,0
6/29/2024,CT,5370,72,1,0,0
6/29/2024,DC,1827,16,2,0,0
6/29/2024,DE,1681,21,1,0,0
6/29/2024,FL,11433,561,62,0,0
6/29/2024,GA,3305,42,4,0,0
6/29/2024,HI,646,34,2,0,0
6/29/2024,IA,2704,18,1,0,0
6/29/2024,IL,7426,118,6,0,0
6/29/2024,IN,4428,37,3,0,0
6/29/2024,KS,753,7,1,0,0
6/29/2024,KY,2291,10,1,0,0
6/29/2024,LA,3326,45,5,0,0
6/29/2024,MD,2339,53,2,0,0
6/29/2024,ME,253,2,1,0,0
6/29/2024,MI,13894,99,11,0,0
6/29/2024,MO,3570,23,5,0,0
6/29/2024,MS,2513,13,6,0,0
6/29/2024,MT,985,21,0,0,0
6/29/2024,ND,196,1,0,0,0
6/29/2024,NE,918,9,0,0,0
6/29/2024,NJ,14525,257,20,0,0
6/29/2024,NY,13048,213,6,0,0
6/29/2024,OH,5237,44,2,0,0
6/29/2024,OK,1374,26,0,0,0
6/29/2024,PA,14625,126,47,0,0
6/29/2024,PR,631,26,7,0,0
6/29/2024,SD,189,1,0,0,0
6/29/2024,TX,3512,12,0,0,0
6/29/2024,VA,4455,61,20,0,0
6/29/2024,WA,9663,266,32,1,0
6/29/2024,WY,569,6,0,0,0
7/6/2024,AL,423,8,0,0,0
7/6/2024,AR,2040,44,4,0,0
7/6/2024,AZ,5865,177,29,2,2
7/6/2024,CA,26782,1372,37,0,0
7/6/2024,CO,1439,23,3,0,0
7/6/2024,CT,5242,116,7,0,0
7/6/2024,DC,1756,31,0,0,0
7/6/2024,DE,1497,26,0,0,0
7/6/2024,FL,9614,717,56,0,0
7/6/2024,GA,3118,48,4,0,0
7/6/2024,HI,632,45,3,0,0
7/6/2024,IA,2669,17,0,0,0
7/6/2024,IL,7419,171,8,0,0
7/6/2024,IN,4238,36,3,0,0
7/6/2024,KS,705,8,0,0,0
7/6/2024,KY,2148,12,2,0,0
7/6/2024,LA,3196,85,5,1,1
7/6/2024,MD,2312,54,1,0,0
7/6/2024,MI,13521,164,7,0,0
7/6/2024,MO,3480,36,0,0,0
7/6/2024,MS,2455,23,3,0,0
7/6/2024,MT,891,17,0,0,0
7/6/2024,ND,191,6,0,0,0
7/6/2024,NE,239,8,0,0,0
7/6/2024,NY,12281,267,4,0,0
7/6/2024,OH,5000,79,6,0,0
7/6/2024,OK,491,6,2,0,0
7/6/2024,PA,14457,219,46,1,1
7/6/2024,PR,604,58,7,0,0
7/6/2024,SD,177,4,0,0,0
7/6/2024,TX,3563,36,3,0,0
7/6/2024,VA,4672,86,18,0,0
7/6/2024,WA,9322,243,19,0,0
7/6/2024,WI,4772,96,2,0,0
7/6/2024,WY,457,7,2,0,0
7/13/2024,AL,410,13,0,0,0
7/13/2024,AR,2080,58,5,0,0
7/13/2024,AZ,5926,190,29,4,4
7/13/2024,CA,26883,1536,39,0,0
7/13/2024,CO,1504,33,1,0,0
7/13/2024,CT,5309,136,3,0,0
7/13/2024,DE,1573,41,0,0,0
7/13/2024,FL,9894,830,78,0,0
7/13/2024,GA,3181,69,0,0,0
7/13/2024,HI,640,38,4,0,0
7/13/2024,IA,2737,32,1,0,0
7/13/2024,IL,7664,187,5,0,0
7/13/2024,IN,4534,64,3,0,0
7/13/2024,KS,736,19,4,0,0
7/13/2024,KY,2330,25,0,0,0
7/13/2024,LA,3411,107,0,0,0
7/13/2024,MD,2392,51,0,0,NA
7/13/2024,MI,14078,171,9,0,0
7/13/2024,MO,3566,62,1,0,0
7/13/2024,MS,2462,36,6,0,0
7/13/2024,MT,915,14,1,0,0
7/13/2024,ND,204,4,0,0,0
7/13/2024,NE,881,10,0,0,0
7/13/2024,NY,12421,276,1,0,0
7/13/2024,OH,5251,107,2,0,0
7/13/2024,OK,506,15,0,0,0
7/13/2024,PA,17838,213,58,0,0
7/13/2024,PR,568,35,6,0,0
7/13/2024,SD,196,7,0,0,0
7/13/2024,TX,3580,17,1,0,0
7/13/2024,VA,4808,92,25,0,0
7/13/2024,WA,9654,245,15,1,1
7/13/2024,WY,450,19,1,0,0
7/20/2024,AL,349,7,0,0,0
7/20/2024,AR,2089,52,7,0,0
7/20/2024,AZ,5871,178,16,0,0
7/20/2024,CA,28095,1710,35,0,0
7/20/2024,CO,1514,26,3,0,0
7/20/2024,CT,5421,155,2,0,0
7/20/2024,DC,1837,52,2,0,0
7/20/2024,DE,1547,41,0,2,2
7/20/2024,FL,11168,999,59,0,0
7/20/2024,GA,3102,97,0,0,0
7/20/2024,HI,640,35,6,0,0
7/20/2024,IA,2752,43,0,0,0
7/20/2024,IL,7546,205,4,0,0
7/20/2024,IN,4396,104,0,0,0
7/20/2024,KS,722,14,0,0,0
7/20/2024,KY,2207,23,0,0,0
7/20/2024,LA,3405,101,5,0,0
7/20/2024,ME,241,7,2,NA,NA
7/20/2024,MI,14001,165,8,0,0
7/20/2024,MO,3599,62,3,0,0
7/20/2024,MS,2502,35,7,0,0
7/20/2024,MT,923,14,0,0,0
7/20/2024,ND,206,5,0,0,0
7/20/2024,NE,873,8,0,0,0
7/20/2024,NJ,14585,340,17,0,0
7/20/2024,NY,12862,276,14,0,0
7/20/2024,OH,5254,133,3,0,0
7/20/2024,OK,508,22,6,0,0
7/20/2024,PA,17790,308,50,1,0
7/20/2024,PR,606,22,9,0,0
7/20/2024,SD,163,10,0,0,0
7/20/2024,TX,3593,51,5,0,0
7/20/2024,VA,4466,91,16,0,0
7/20/2024,WA,9522,267,6,0,0
7/20/2024,WY,468,18,3,0,0
7/27/2024,AL,281,12,0,0,0
7/27/2024,AR,2083,65,8,0,0
7/27/2024,AZ,5701,180,12,1,1
7/27/2024,CA,27827,1885,29,0,0
7/27/2024,CO,1440,75,6,0,0
7/27/2024,CT,5341,155,1,0,0
7/27/2024,DC,1740,48,1,0,0
7/27/2024,DE,1508,53,0,0,0
7/27/2024,FL,10699,994,41,0,0
7/27/2024,GA,2839,122,1,0,0
7/27/2024,HI,643,30,1,0,0
7/27/2024,IA,2645,54,1,0,0
7/27/2024,IL,7317,259,3,0,0
7/27/2024,IN,4393,125,1,0,0
7/27/2024,KS,685,41,1,0,0
7/27/2024,KY,2105,26,0,0,0
7/27/2024,LA,3299,142,2,0,0
7/27/2024,MI,13610,209,7,0,0
7/27/2024,MO,3074,89,4,0,0
7/27/2024,MS,2481,46,12,0,0
7/27/2024,MT,909,22,1,0,0
7/27/2024,ND,180,4,1,0,0
7/27/2024,NE,856,16,0,0,0
7/27/2024,NY,11833,323,1,0,0
7/27/2024,OH,4915,126,2,0,0
7/27/2024,OK,403,23,0,0,0
7/27/2024,PA,17561,421,59,0,0
7/27/2024,PR,393,13,3,0,0
7/27/2024,SD,169,5,0,0,0
7/27/2024,TX,2260,9,0,0,0
7/27/2024,VA,4673,117,20,0,0
7/27/2024,WA,9216,248,6,1,1
7/27/2024,WY,439,15,0,0,0
8/3/2024,AL,274,17,1,0,0
8/3/2024,AR,2052,76,4,0,0
8/3/2024,AZ,5636,167,10,0,0
8/3/2024,CA,27379,1913,31,0,0
8/3/2024,CO,1478,66,6,0,0
8/3/2024,CT,5307,158,3,0,0
8/3/2024,DE,1504,49,0,0,0
8/3/2024,FL,10590,950,54,0,0
8/3/2024,GA,2556,135,3,0,0
8/3/2024,HI,601,28,3,0,0
8/3/2024,IA,2646,74,0,0,0
8/3/2024,ID,491,14,0,0,0
8/3/2024,IL,7299,260,4,0,0
8/3/2024,IN,4383,132,1,0,0
8/3/2024,KS,692,37,1,0,0
8/3/2024,KY,2069,43,0,0,0
8/3/2024,LA,3338,136,7,0,0
8/3/2024,MI,13589,262,2,0,0
8/3/2024,MO,3106,103,1,0,0
8/3/2024,MS,2529,56,14,0,0
8/3/2024,MT,914,30,0,0,0
8/3/2024,ND,184,5,0,0,0
8/3/2024,NE,267,15,0,0,0
8/3/2024,NY,11708,372,0,0,0
8/3/2024,OH,4934,151,3,0,0
8/3/2024,OK,414,24,1,0,0
8/3/2024,PA,17451,453,55,0,0
8/3/2024,PR,576,8,6,0,0
8/3/2024,SD,155,4,0,0,0
8/3/2024,TX,3005,46,2,0,0
8/3/2024,VA,4580,168,11,0,0
8/3/2024,WA,9153,298,3,0,0
8/3/2024,WY,423,19,2,0,0
8/10/2024,AL,268,26,0,0,0
8/10/2024,AR,2030,114,6,0,0
8/10/2024,AZ,5672,213,25,4,4
8/10/2024,CA,27302,2021,19,1,0
8/10/2024,CO,1479,87,5,0,0
8/10/2024,CT,5333,199,0,0,0
8/10/2024,DE,1643,62,0,0,0
8/10/2024,FL,10591,826,42,0,0
8/10/2024,GA,2647,148,2,0,0
8/10/2024,HI,592,22,3,0,0
8/10/2024,IA,2617,66,0,0,0
8/10/2024,ID,502,15,0,0,0
8/10/2024,IL,7258,302,6,0,0
8/10/2024,IN,4415,158,0,0,0
8/10/2024,KS,672,32,0,0,0
8/10/2024,KY,2160,43,0,0,0
8/10/2024,LA,3410,156,5,0,0
8/10/2024,MI,13195,255,5,0,0
8/10/2024,MO,3067,94,3,0,0
8/10/2024,MS,2527,62,16,0,0
8/10/2024,MT,936,38,0,0,0
8/10/2024,ND,172,5,0,0,0
8/10/2024,NE,265,14,0,2,2
8/10/2024,NY,11999,336,3,0,0
8/10/2024,OH,5106,152,4,0,0
8/10/2024,OK,375,21,1,0,0
8/10/2024,PA,17615,532,44,1,1
8/10/2024,PR,426,21,5,0,0
8/10/2024,SC,2130,128,15,0,0
8/10/2024,SD,160,5,0,0,0
8/10/2024,TX,2943,9,3,0,0
8/10/2024,VA,4638,194,24,0,0
8/10/2024,WA,9369,306,4,0,0
8/10/2024,WI,4791,148,2,0,0
8/10/2024,WY,443,19,2,0,0
8/17/2024,AL,274,14,0,0,0
8/17/2024,AR,1989,110,4,0,0
8/17/2024,AZ,5743,158,17,0,0
8/17/2024,CA,27174,2051,32,0,0
8/17/2024,CO,1490,58,0,0,0
8/17/2024,CT,5337,216,2,0,0
8/17/2024,DE,1541,70,0,0,0
8/17/2024,FL,10717,762,45,0,0
8/17/2024,GA,2712,173,2,0,0
8/17/2024,HI,598,33,1,0,0
8/17/2024,IA,2643,81,1,0,0
8/17/2024,ID,490,24,0,0,0
8/17/2024,IL,7239,342,1,0,0
8/17/2024,IN,4416,222,3,0,0
8/17/2024,KS,677,36,1,0,0
8/17/2024,KY,2169,65,3,0,0
8/17/2024,LA,3362,166,8,0,0
8/17/2024,MI,12680,330,9,0,0
8/17/2024,MO,2950,89,3,0,0
8/17/2024,MS,2539,71,7,0,0
8/17/2024,MT,916,20,0,0,0
8/17/2024,ND,177,7,0,0,0
8/17/2024,NE,791,28,0,0,0
8/17/2024,NY,12062,339,1,0,0
8/17/2024,OH,5095,145,5,0,0
8/17/2024,OK,379,19,0,0,0
8/17/2024,PA,17495,554,53,0,0
8/17/2024,PR,468,9,3,0,0
8/17/2024,SC,2197,138,16,0,0
8/17/2024,SD,154,6,1,0,0
8/17/2024,TX,2257,16,4,0,0
8/17/2024,VA,4715,217,14,0,0
8/17/2024,WA,9484,262,8,1,0
8/17/2024,WY,353,24,1,0,0
8/24/2024,AL,255,6,0,0,0
8/24/2024,AR,2045,139,4,0,0
8/24/2024,AZ,5672,165,25,1,1
8/24/2024,CA,27444,2096,18,0,0
8/24/2024,CO,1481,22,0,0,0
8/24/2024,CT,5327,211,1,0,0
8/24/2024,DE,1564,58,0,0,0
8/24/2024,FL,10710,588,41,0,0
8/24/2024,GA,2624,192,2,0,0
8/24/2024,HI,633,25,1,0,0
8/24/2024,IA,2655,116,2,0,0
8/24/2024,ID,483,18,0,0,0
8/24/2024,IL,7243,366,3,0,0
8/24/2024,IN,4424,233,2,0,0
8/24/2024,KS,675,25,0,0,0
8/24/2024,KY,2152,67,3,0,0
8/24/2024,LA,3360,162,9,0,0
8/24/2024,MI,12648,375,12,0,0
8/24/2024,MO,2911,81,1,0,0
8/24/2024,MS,2488,80,8,0,0
8/24/2024,MT,921,16,0,0,0
8/24/2024,ND,179,5,0,0,0
8/24/2024,NE,776,34,1,0,0
8/24/2024,NY,11777,297,2,0,0
8/24/2024,OH,5067,184,3,0,0
8/24/2024,OK,426,39,0,0,0
8/24/2024,PA,17833,655,55,0,0
8/24/2024,PR,458,4,3,0,0
8/24/2024,SC,2252,119,24,0,0
8/24/2024,SD,170,5,0,0,0
8/24/2024,TX,3016,7,2,0,0
8/24/2024,VA,4669,216,14,0,0
8/24/2024,WA,9066,266,5,1,1
8/24/2024,WY,438,15,1,0,0
8/31/2024,AL,240,2,1,0,0
8/31/2024,AR,2030,116,5,1,0
8/31/2024,AZ,5231,165,26,6,6
8/31/2024,CA,27368,1722,20,0,0
8/31/2024,CO,1493,25,0,0,0
8/31/2024,CT,5335,208,0,0,0
8/31/2024,DC,1741,44,1,0,0
8/31/2024,DE,1583,72,0,0,0
8/31/2024,FL,10490,516,38,0,0
8/31/2024,GA,2603,172,3,0,0
8/31/2024,HI,628,18,2,0,0
8/31/2024,IA,2700,98,2,0,0
8/31/2024,ID,490,18,0,0,0
8/31/2024,IL,7383,407,3,1,0
8/31/2024,IN,4549,220,1,0,0
8/31/2024,KS,653,27,0,0,0
8/31/2024,KY,2159,72,0,0,0
8/31/2024,LA,3196,118,1,1,0
8/31/2024,MI,13806,450,10,0,0
8/31/2024,MO,2922,122,2,0,0
8/31/2024,MS,2524,71,15,0,0
8/31/2024,MT,913,13,0,0,0
8/31/2024,ND,169,5,0,0,0
8/31/2024,NE,237,24,1,0,0
8/31/2024,NY,11450,301,0,0,0
8/31/2024,OH,5080,199,1,1,0
8/31/2024,OK,392,20,1,0,0
8/31/2024,PA,17643,654,63,0,0
8/31/2024,PR,379,6,2,0,0
8/31/2024,SC,2216,153,3,0,0
8/31/2024,SD,172,6,1,0,0
8/31/2024,TX,2931,5,5,0,0
8/31/2024,VA,4559,242,19,0,0
8/31/2024,WA,9377,250,7,2,1
8/31/2024,WY,425,22,3,0,0
9/7/2024,AL,248,4,0,0,0
9/7/2024,AR,1970,116,7,0,0
9/7/2024,AZ,5220,139,14,1,1
9/7/2024,CA,26816,1662,15,0,0
9/7/2024,CO,1475,56,1,0,0
9/7/2024,CT,5323,162,2,0,0
9/7/2024,DE,1540,57,1,0,0
9/7/2024,FL,10353,526,55,0,0
9/7/2024,GA,2569,107,0,0,0
9/7/2024,HI,621,20,2,0,0
9/7/2024,IA,2642,106,1,0,0
9/7/2024,ID,494,19,0,0,0
9/7/2024,IL,7234,368,1,0,0
9/7/2024,IN,4511,209,0,0,0
9/7/2024,KS,660,25,2,0,0
9/7/2024,KY,2087,74,0,0,0
9/7/2024,LA,3235,110,3,0,0
9/7/2024,ME,227,15,3,NA,NA
9/7/2024,MI,13568,399,9,0,0
9/7/2024,MN,0,1,0,0,0
9/7/2024,MO,2855,101,1,0,0
9/7/2024,MS,2522,50,9,0,0
9/7/2024,MT,963,14,0,0,0
9/7/2024,ND,177,8,0,0,0
9/7/2024,NE,165,24,0,0,0
9/7/2024,NY,11449,285,0,0,0
9/7/2024,OH,4995,258,2,0,0
9/7/2024,OK,358,22,0,0,0
9/7/2024,PA,17566,734,43,1,0
9/7/2024,PR,439,7,1,0,0
9/7/2024,SC,2169,120,2,0,0
9/7/2024,SD,162,11,0,0,0
9/7/2024,TX,2146,9,1,0,0
9/7/2024,VA,4477,214,15,0,0
9/7/2024,WA,9440,294,6,1,0
9/7/2024,WY,410,20,1,0,0
9/14/2024,AL,234,6,0,0,0
9/14/2024,AR,2031,103,2,0,0
9/14/2024,AZ,5212,160,24,1,1
9/14/2024,CA,27935,1448,25,0,0
9/14/2024,CO,1531,44,0,0,0
9/14/2024,CT,5534,195,2,0,0
9/14/2024,DE,1578,53,0,0,0
9/14/2024,FL,10472,422,79,0,0
9/14/2024,GA,2580,80,3,0,0
9/14/2024,HI,626,20,1,0,0
9/14/2024,IA,2703,91,2,0,0
9/14/2024,ID,507,25,0,0,0
9/14/2024,IL,7367,369,6,1,0
9/14/2024,IN,4509,226,4,0,0
9/14/2024,KS,672,28,0,0,0
9/14/2024,KY,2050,40,0,0,0
9/14/2024,LA,3282,84,1,0,0
9/14/2024,MD,2316,80,3,0,0
9/14/2024,MI,13874,495,16,0,0
9/14/2024,MN,2,0,0,0,0
9/14/2024,MO,2886,110,3,0,0
9/14/2024,MS,2637,40,19,1,1
9/14/2024,MT,907,17,2,0,0
9/14/2024,ND,194,7,0,0,0
9/14/2024,NE,702,21,0,0,0
9/14/2024,NY,12062,265,2,0,0
9/14/2024,OH,5057,295,4,0,0
9/14/2024,OK,369,20,1,0,0
9/14/2024,PA,17780,658,54,3,3
9/14/2024,PR,466,6,0,0,0
9/14/2024,SC,2194,99,2,0,0
9/14/2024,SD,127,9,1,0,0
9/14/2024,TX,2885,5,1,0,0
9/14/2024,VA,4395,195,24,0,0
9/14/2024,WA,9433,282,5,3,1
9/14/2024,WY,463,21,0,0,0
9/21/2024,AL,246,5,0,0,0
9/21/2024,AR,2063,73,3,0,0
9/21/2024,AZ,5221,157,18,1,1
9/21/2024,CA,27005,1144,17,0,0
9/21/2024,CO,1513,40,0,0,0
9/21/2024,CT,5282,228,0,0,0
9/21/2024,DC,1779,31,0,0,0
9/21/2024,DE,1586,58,0,0,0
9/21/2024,FL,10542,357,44,0,0
9/21/2024,GA,2600,57,5,0,0
9/21/2024,HI,606,15,1,1,0
9/21/2024,IA,2725,109,0,0,0
9/21/2024,ID,507,17,1,0,0
9/21/2024,IL,7456,293,7,0,0
9/21/2024,IN,4483,162,6,0,0
9/21/2024,KS,678,21,2,0,0
9/21/2024,KY,1717,38,2,0,0
9/21/2024,LA,3395,77,4,0,0
9/21/2024,MI,14015,466,11,0,0
9/21/2024,MO,2964,108,1,0,0
9/21/2024,MS,2548,45,16,0,0
9/21/2024,MT,947,25,0,0,0
9/21/2024,ND,144,4,0,0,0
9/21/2024,NE,249,27,1,0,0
9/21/2024,NJ,14594,344,27,0,0
9/21/2024,NY,12357,269,3,0,0
9/21/2024,OH,4657,223,3,0,0
9/21/2024,OK,368,12,5,0,0
9/21/2024,PA,17875,675,83,0,0
9/21/2024,PR,375,1,6,0,0
9/21/2024,SC,2189,87,1,0,0
9/21/2024,SD,140,12,2,0,0
9/21/2024,TX,2962,5,1,0,0
9/21/2024,VA,4071,181,4,0,0
9/21/2024,WA,9538,288,6,3,1
9/21/2024,WY,470,21,0,0,0
9/28/2024,AL,1311,3,0,0,0
9/28/2024,AR,2060,83,0,0,0
9/28/2024,AZ,5197,152,14,0,0
9/28/2024,CA,26867,1065,26,0,0
9/28/2024,CO,1468,37,3,0,0
9/28/2024,CT,5209,172,0,0,0
9/28/2024,DC,1793,27,2,0,0
9/28/2024,DE,1549,57,0,0,0
9/28/2024,FL,10407,283,46,1,1
9/28/2024,GA,2582,50,2,0,0
9/28/2024,HI,612,9,1,0,0
9/28/2024,IA,2707,71,1,0,0
9/28/2024,ID,500,10,0,0,0
9/28/2024,IL,7084,202,4,0,0
9/28/2024,IN,4048,140,3,0,0
9/28/2024,KS,655,19,1,0,0
9/28/2024,KY,1600,23,1,0,0
9/28/2024,LA,3346,50,4,0,0
9/28/2024,MD,2329,48,1,0,0
9/28/2024,MI,14534,360,9,0,0
9/28/2024,MO,2935,69,4,0,0
9/28/2024,MS,2548,17,7,0,0
9/28/2024,MT,925,20,1,0,0
9/28/2024,ND,149,7,1,0,0
9/28/2024,NE,860,15,1,0,0
9/28/2024,NY,11919,247,5,0,0
9/28/2024,OH,3600,148,1,0,0
9/28/2024,OK,356,17,5,0,0
9/28/2024,PA,18549,685,45,0,0
9/28/2024,PR,486,4,3,0,0
9/28/2024,SC,2224,64,2,0,0
9/28/2024,SD,141,2,0,0,0
9/28/2024,TN,13708,10,5,0,0
9/28/2024,TX,2078,11,1,0,0
9/28/2024,VA,3973,128,4,0,0
9/28/2024,WA,9550,285,6,0,0
9/28/2024,WI,4334,160,1,0,0
9/28/2024,WY,454,34,0,0,0
10/5/2024,AL,277,9,0,0,0
10/5/2024,AR,1862,23,3,0,0
10/5/2024,AZ,5036,93,40,1,1
10/5/2024,CA,24247,722,30,0,0
10/5/2024,CO,1465,30,3,0,0
10/5/2024,DC,1546,15,0,0,0
10/5/2024,DE,1558,59,0,0,0
10/5/2024,FL,8496,240,53,0,0
10/5/2024,GA,2583,53,1,0,0
10/5/2024,HI,672,2,0,0,0
10/5/2024,IA,2624,89,1,0,0
10/5/2024,ID,477,6,0,0,0
10/5/2024,IL,6753,182,2,0,0
10/5/2024,IN,4081,116,4,0,0
10/5/2024,KS,649,12,0,0,0
10/5/2024,KY,1581,21,0,0,0
10/5/2024,LA,3183,43,5,0,0
10/5/2024,MD,560,41,1,0,0
10/5/2024,MI,13573,335,12,0,0
10/5/2024,MO,2914,43,0,0,0
10/5/2024,MS,2598,16,10,0,0
10/5/2024,MT,986,31,0,0,0
10/5/2024,ND,163,2,0,0,0
10/5/2024,NE,239,13,0,0,0
10/5/2024,NV,210,2,1,0,0
10/5/2024,NY,11787,228,7,0,0
10/5/2024,OH,2528,84,0,0,0
10/5/2024,OK,339,9,0,0,0
10/5/2024,PA,18387,466,61,2,1
10/5/2024,PR,491,4,3,0,0
10/5/2024,SC,1364,25,1,0,0
10/5/2024,SD,138,4,0,0,0
10/5/2024,TN,13616,27,4,0,0
10/5/2024,TX,2844,15,2,0,0
10/5/2024,UT,2230,58,0,0,0
10/5/2024,VA,3922,127,6,0,0
10/5/2024,WA,9164,227,10,3,2
10/5/2024,WI,4619,132,1,0,0
10/5/2024,WY,442,30,2,0,0
10/12/2024,AK,561,5,1,1,0
10/12/2024,AL,2559,22,2,3,3
10/12/2024,AR,222,1,0,0,0
10/12/2024,AZ,2077,17,4,0,0
10/12/2024,CA,16552,309,30,3,1
10/12/2024,CO,847,85,0,1,0
10/12/2024,CT,39,0,0,0,0
10/12/2024,DC,66,0,0,0,0
10/12/2024,DE,456,7,0,0,0
10/12/2024,FL,2180,12,17,13,4
10/12/2024,GA,3063,12,0,4,4
10/12/2024,HI,422,20,1,0,0
10/12/2024,IA,406,8,0,0,0
10/12/2024,ID,840,11,3,0,0
10/12/2024,IL,1687,58,1,2,0
10/12/2024,IN,1292,17,3,0,0
10/12/2024,KS,256,2,0,0,0
10/12/2024,KY,691,3,0,0,0
10/12/2024,LA,413,1,0,21,0
10/12/2024,MA,201,6,0,0,0
10/12/2024,MD,333,8,0,1,0
10/12/2024,ME,9,2,0,0,0
10/12/2024,MI,1084,15,2,2,2
10/12/2024,MN,99,1,0,0,0
10/12/2024,MO,608,9,1,0,0
10/12/2024,MS,766,0,0,0,0
10/12/2024,MT,898,56,0,0,0
10/12/2024,NC,2548,37,77,58,53
10/12/2024,ND,141,4,1,0,0
10/12/2024,NE,366,4,0,0,0
10/12/2024,NH,386,7,0,0,0
10/12/2024,NJ,375,2,0,0,0
10/12/2024,NM,626,12,2,0,0
10/12/2024,NV,146,0,0,0,0
10/12/2024,NY,2419,60,0,0,0
10/12/2024,OH,1090,19,1,0,0
10/12/2024,OK,1805,13,0,0,0
10/12/2024,OR,2808,152,6,2,1
10/12/2024,PA,1238,15,26,0,0
10/12/2024,PR,298,2,9,1,0
10/12/2024,RI,377,2,0,0,0
10/12/2024,SC,286,5,0,0,0
10/12/2024,SD,59,2,1,0,0
10/12/2024,TN,1847,103,2,1,0
10/12/2024,TX,10535,620,79,31,0
10/12/2024,UT,28,1,0,0,0
10/12/2024,VA,3732,114,19,4,1
10/12/2024,VT,31,0,0,0,0
10/12/2024,WA,3234,104,7,0,0
10/12/2024,WI,122,3,0,0,0
10/12/2024,WV,94,0,0,0,0
10/12/2024,WY,30,3,0,0,0
10/19/2024,AK,537,5,1,1,0
10/19/2024,AL,3513,21,6,1,1
10/19/2024,AR,1080,12,2,0,0
10/19/2024,AZ,2222,33,14,0,0
10/19/2024,CA,28511,561,75,16,10
10/19/2024,CO,2983,30,2,2,0
10/19/2024,CT,5804,109,5,12,6
10/19/2024,DC,74,0,0,0,0
10/19/2024,DE,664,13,0,0,0
10/19/2024,FL,17309,146,134,86,42
10/19/2024,GA,7378,31,5,15,9
10/19/2024,HI,623,5,1,9,1
10/19/2024,IA,952,32,1,0,0
10/19/2024,ID,769,9,6,0,0
10/19/2024,IL,4126,33,5,6,2
10/19/2024,IN,2534,22,3,1,1
10/19/2024,KS,1430,18,1,1,1
10/19/2024,KY,4171,34,2,4,0
10/19/2024,LA,3597,24,13,11,4
10/19/2024,MA,231,7,0,1,1
10/19/2024,MD,1856,17,2,2,0
10/19/2024,ME,1293,14,0,0,0
10/19/2024,MI,2190,40,4,0,0
10/19/2024,MN,4490,53,88,4,2
10/19/2024,MO,2183,27,2,0,0
10/19/2024,MS,1229,7,4,6,1
10/19/2024,MT,936,17,2,0,0
10/19/2024,NC,5611,36,48,43,42
10/19/2024,ND,703,8,0,0,0
10/19/2024,NE,1429,10,0,1,1
10/19/2024,NH,716,17,0,0,0
10/19/2024,NJ,360,5,0,0,0
10/19/2024,NM,829,17,2,1,1
10/19/2024,NV,2077,23,5,0,0
10/19/2024,NY,5329,119,5,1,0
10/19/2024,OH,13954,81,11,17,1
10/19/2024,OK,845,7,0,0,0
10/19/2024,OR,3314,57,4,1,1
10/19/2024,PA,4374,45,6,0,0
10/19/2024,PR,677,1,6,3,0
10/19/2024,RI,626,15,0,0,0
10/19/2024,SC,3122,29,8,5,1
10/19/2024,SD,184,5,1,0,0
10/19/2024,TN,4292,22,8,0,0
10/19/2024,TX,19406,89,46,36,5
10/19/2024,UT,509,2,1,0,0
10/19/2024,VA,9492,86,15,4,1
10/19/2024,VT,517,14,1,0,0
10/19/2024,WA,3377,59,1,0,0
10/19/2024,WI,605,41,7,2,0
10/19/2024,WV,218,4,0,0,0
10/19/2024,WY,123,2,0,0,0
10/26/2024,AK,805,6,3,3,1
10/26/2024,AL,3745,27,9,10,4
10/26/2024,AR,2419,20,1,1,1
10/26/2024,AS,83,0,9,0,0
10/26/2024,AZ,3017,419,187,0,0
10/26/2024,CA,28832,550,137,43,26
10/26/2024,CO,5367,45,14,1,0
10/26/2024,CT,6003,102,6,16,2
10/26/2024,DC,70,0,0,0,0
10/26/2024,DE,672,8,0,0,0
10/26/2024,FL,16281,99,114,68,39
10/26/2024,GA,9327,46,8,16,10
10/26/2024,HI,637,4,2,8,0
10/26/2024,IA,2575,36,4,0,0
10/26/2024,ID,927,9,1,0,0
10/26/2024,IL,6990,71,12,15,9
10/26/2024,IN,5154,47,3,6,1
10/26/2024,KS,1879,25,3,2,0
10/26/2024,KY,4298,46,4,5,0
10/26/2024,LA,5663,42,23,11,3
10/26/2024,MA,27,0,0,0,0
10/26/2024,MD,845,24,0,3,1
10/26/2024,ME,1357,12,0,0,0
10/26/2024,MI,4133,92,4,2,1
10/26/2024,MN,3667,37,0,2,1
10/26/2024,MO,2987,27,8,2,0
10/26/2024,MS,2172,5,0,3,0
10/26/2024,MT,1077,26,0,0,0
10/26/2024,NC,8576,96,47,44,42
10/26/2024,ND,576,9,0,0,0
10/26/2024,NE,1626,17,1,0,0
10/26/2024,NH,1423,20,0,0,0
10/26/2024,NJ,934,15,2,5,2
10/26/2024,NM,1702,25,15,1,1
10/26/2024,NV,2253,20,5,0,0
10/26/2024,NY,7483,102,7,16,5
10/26/2024,OH,12689,130,229,36,2
10/26/2024,OK,2859,21,4,0,0
10/26/2024,OR,4555,39,7,1,1
10/26/2024,PA,8723,102,63,31,25
10/26/2024,PR,844,4,12,2,0
10/26/2024,RI,589,7,0,0,0
10/26/2024,SC,5241,36,8,10,3
10/26/2024,SD,185,7,2,1,0
10/26/2024,TN,5892,32,31,2,2
10/26/2024,TX,18006,102,64,83,4
10/26/2024,UT,3385,30,5,2,1
10/26/2024,VA,8856,124,10,26,6
10/26/2024,VI,58,0,0,0,0
10/26/2024,VT,87,6,0,0,0
10/26/2024,WA,4139,52,4,2,2
10/26/2024,WI,2055,91,7,2,2
10/26/2024,WV,273,5,0,0,0
10/26/2024,WY,273,41,7,0,0
11/2/2024,AK,1034,9,8,4,0
11/2/2024,AL,5524,47,13,15,7
11/2/2024,AR,3759,36,6,2,2
11/2/2024,AS,80,0,6,0,0
11/2/2024,AZ,7001,451,129,0,0
11/2/2024,CA,38074,537,110,52,17
11/2/2024,CO,5995,67,25,4,1
11/2/2024,CT,5963,102,10,12,1
11/2/2024,DC,975,5,1,0,0
11/2/2024,DE,884,10,0,0,0
11/2/2024,FL,25604,129,110,142,48
11/2/2024,GA,11960,52,14,24,15
11/2/2024,HI,713,5,3,13,1
11/2/2024,IA,4103,44,5,1,0
11/2/2024,ID,1247,18,6,1,0
11/2/2024,IL,11514,119,27,31,18
11/2/2024,IN,8785,98,14,7,3
11/2/2024,KS,2095,37,10,2,0
11/2/2024,KY,5645,90,7,8,1
11/2/2024,LA,7165,63,27,31,7
11/2/2024,MA,1002,34,3,0,0
11/2/2024,MD,3251,58,4,17,8
11/2/2024,ME,425,11,0,0,0
11/2/2024,MI,7711,155,7,4,2
11/2/2024,MN,6792,119,4,6,1
11/2/2024,MO,6251,51,13,8,0
11/2/2024,MS,4387,23,15,9,1
11/2/2024,MT,1547,31,0,0,0
11/2/2024,NC,14394,130,14,6,4
11/2/2024,ND,818,7,2,0,0
11/2/2024,NE,2584,19,2,0,0
11/2/2024,NH,1688,24,1,1,1
11/2/2024,NJ,14238,193,28,96,22
11/2/2024,NM,1926,18,2,3,3
11/2/2024,NV,3483,36,11,6,0
11/2/2024,NY,18030,229,15,46,20
11/2/2024,OH,15881,197,17,52,13
11/2/2024,OK,4876,27,3,1,1
11/2/2024,OR,4364,59,7,3,3
11/2/2024,PA,14668,427,97,79,55
11/2/2024,PR,934,9,14,6,0
11/2/2024,RI,931,15,2,1,1
11/2/2024,SC,8368,62,11,32,10
11/2/2024,SD,486,7,0,0,0
11/2/2024,TN,10754,101,45,21,4
11/2/2024,TX,31632,175,103,185,28
11/2/2024,UT,3525,44,2,5,0
11/2/2024,VA,9858,152,16,26,15
11/2/2024,VI,59,0,0,0,0
11/2/2024,VT,597,10,0,0,0
11/2/2024,WA,4118,57,2,0,0
11/2/2024,WI,3777,104,5,0,0
11/2/2024,WV,2052,40,0,0,0
11/2/2024,WY,183,31,0,0,0
11/9/2024,AK,1012,13,5,5,1
11/9/2024,AL,9434,115,32,62,16
11/9/2024,AR,5425,61,11,7,2
11/9/2024,AZ,10252,516,291,40,35
11/9/2024,CA,49780,634,158,117,39
11/9/2024,CO,7912,145,20,10,4
11/9/2024,CT,6469,82,4,21,7
11/9/2024,DC,2004,11,3,15,3
11/9/2024,DE,1924,20,1,23,3
11/9/2024,FL,43271,421,360,423,166
11/9/2024,GA,16995,89,41,175,43
11/9/2024,GU,282,0,3,2,0
11/9/2024,HI,1901,22,7,15,5
11/9/2024,IA,4779,50,4,5,0
11/9/2024,ID,1954,35,8,2,0
11/9/2024,IL,19768,233,36,63,29
11/9/2024,IN,11395,185,28,17,5
11/9/2024,KS,4756,62,7,1,1
11/9/2024,KY,8706,128,16,25,8
11/9/2024,LA,8902,78,85,47,9
11/9/2024,MA,13374,234,30,29,13
11/9/2024,MD,8236,99,9,75,15
11/9/2024,ME,2327,36,1,1,0
11/9/2024,MI,15434,611,36,36,10
11/9/2024,MN,7582,117,17,14,3
11/9/2024,MO,12589,153,30,20,5
11/9/2024,MS,5486,38,23,25,4
11/9/2024,MT,1673,18,0,0,0
11/9/2024,NC,18233,201,27,33,17
11/9/2024,ND,1456,15,0,0,0
11/9/2024,NE,3339,32,4,0,0
11/9/2024,NH,1831,32,4,2,2
11/9/2024,NJ,14313,186,30,101,24
11/9/2024,NM,2901,91,16,6,5
11/9/2024,NV,5043,53,25,9,4
11/9/2024,NY,35382,423,55,179,45
11/9/2024,OH,22234,400,24,100,21
11/9/2024,OK,7029,63,13,0,0
11/9/2024,OR,5435,78,25,4,3
11/9/2024,PA,19924,907,142,185,67
11/9/2024,PR,1585,10,43,28,5
11/9/2024,RI,1933,29,3,9,2
11/9/2024,SC,8095,77,21,46,13
11/9/2024,SD,1511,30,2,0,0
11/9/2024,TN,13698,122,80,89,17
11/9/2024,TX,47183,347,182,409,53
11/9/2024,UT,3903,43,7,8,1
11/9/2024,VA,12338,126,26,37,11
11/9/2024,VI,61,0,0,0,0
11/9/2024,VT,794,21,0,0,0
11/9/2024,WA,9688,98,14,13,3
11/9/2024,WI,8285,158,12,10,5
11/9/2024,WV,4071,62,6,10,5
11/9/2024,WY,404,61,5,0,0
11/16/2024,AK,1029,10,9,9,2
11/16/2024,AL,9426,83,44,81,23
11/16/2024,AR,5557,46,13,21,8
11/16/2024,AZ,10759,674,363,57,56
11/16/2024,CA,50462,682,313,145,65
11/16/2024,CO,7962,163,29,18,3
11/16/2024,CT,6459,70,5,27,12
11/16/2024,DC,2041,17,1,3,2
11/16/2024,DE,1959,18,4,26,8
11/16/2024,FL,42559,334,375,418,190
11/16/2024,GA,17193,80,43,299,93
11/16/2024,GU,296,3,3,5,0
11/16/2024,HI,1730,20,15,26,4
11/16/2024,IA,4719,43,5,10,0
11/16/2024,ID,1712,22,12,1,0
11/16/2024,IL,19828,219,34,81,20
11/16/2024,IN,11455,145,26,30,10
11/16/2024,KS,4791,47,11,3,0
11/16/2024,KY,8807,102,18,43,10
11/16/2024,LA,8806,67,84,81,18
11/16/2024,MA,12746,296,16,56,33
11/16/2024,MD,8863,69,11,67,24
11/16/2024,ME,2288,25,0,1,0
11/16/2024,MI,15412,627,46,44,25
11/16/2024,MN,7510,102,8,13,4
11/16/2024,MO,12905,150,29,36,6
11/16/2024,MS,5313,37,24,46,11
11/16/2024,MT,1668,22,4,0,0
11/16/2024,NC,18618,188,38,62,21
11/16/2024,ND,1463,11,1,0,0
11/16/2024,NE,3531,39,6,2,0
11/16/2024,NH,1811,30,4,0,0
11/16/2024,NJ,15343,193,37,159,41
11/16/2024,NM,2899,82,21,7,6
11/16/2024,NV,5451,64,43,12,5
11/16/2024,NY,35746,390,63,265,84
11/16/2024,OH,21503,341,40,132,23
11/16/2024,OK,7297,73,13,6,3
11/16/2024,OR,5408,75,35,4,2
11/16/2024,PA,19981,1021,111,162,84
11/16/2024,PR,1735,28,77,18,4
11/16/2024,RI,1991,21,0,12,1
11/16/2024,SC,8289,69,13,73,20
11/16/2024,SD,1427,36,0,0,0
11/16/2024,TN,14068,161,94,129,39
11/16/2024,TX,46405,231,223,560,88
11/16/2024,UT,3937,47,10,2,1
11/16/2024,VA,12758,104,26,51,10
11/16/2024,VI,56,0,0,0,0
11/16/2024,VT,742,11,3,3,1
11/16/2024,WA,9762,83,22,27,13
11/16/2024,WI,8290,149,6,7,3
11/16/2024,WV,3993,64,4,10,3
11/16/2024,WY,388,48,4,3,0
11/23/2024,AK,1036,8,5,4,2
11/23/2024,AL,9264,71,50,111,36
11/23/2024,AR,5287,52,8,15,7
11/23/2024,AS,74,0,2,0,0
11/23/2024,AZ,10714,779,520,80,56
11/23/2024,CA,49846,656,479,211,94
11/23/2024,CO,7504,150,31,27,7
11/23/2024,CT,6450,79,4,35,17
11/23/2024,DC,2302,24,8,6,6
11/23/2024,DE,1847,20,7,43,8
11/23/2024,FL,40725,257,423,516,262
11/23/2024,GA,17335,76,47,327,106
11/23/2024,GU,292,0,1,3,1
11/23/2024,HI,1774,13,8,25,7
11/23/2024,IA,4800,55,4,9,1
11/23/2024,ID,1865,21,31,3,2
11/23/2024,IL,19201,256,87,151,34
11/23/2024,IN,11533,166,32,67,20
11/23/2024,KS,4760,59,17,7,0
11/23/2024,KY,8454,100,19,54,14
11/23/2024,LA,8832,68,78,94,23
11/23/2024,MA,13399,368,45,119,67
11/23/2024,MD,8797,87,16,99,36
11/23/2024,ME,2257,21,0,0,0
11/23/2024,MI,11790,450,56,53,27
11/23/2024,MN,7383,142,11,15,4
11/23/2024,MO,12861,172,40,59,11
11/23/2024,MS,5379,50,35,67,19
11/23/2024,MT,1644,26,1,0,0
11/23/2024,NC,18220,162,31,79,28
11/23/2024,ND,1473,19,3,1,1
11/23/2024,NE,3431,36,4,2,0
11/23/2024,NH,1904,16,11,4,4
11/23/2024,NJ,15215,210,47,205,69
11/23/2024,NM,2738,119,28,4,0
11/23/2024,NV,5253,33,47,22,3
11/23/2024,NY,35502,405,103,406,133
11/23/2024,OH,21373,326,40,175,42
11/23/2024,OK,7090,71,14,11,1
11/23/2024,OR,5024,59,62,6,4
11/23/2024,PA,20246,1032,134,175,85
11/23/2024,PR,1370,24,42,27,0
11/23/2024,RI,1891,30,2,18,4
11/23/2024,SC,8106,72,12,112,37
11/23/2024,SD,1583,31,0,0,0
11/23/2024,TN,13692,99,58,141,33
11/23/2024,TX,46548,262,273,622,115
11/23/2024,UT,3737,64,20,3,1
11/23/2024,VA,12650,120,35,70,21
11/23/2024,VI,62,0,0,0,0
11/23/2024,VT,764,21,0,0,0
11/23/2024,WA,9783,89,29,37,27
11/23/2024,WI,8100,152,18,11,4
11/23/2024,WV,4039,146,4,13,4
11/23/2024,WY,224,32,8,1,0
11/30/2024,AK,1020,5,9,10,1
11/30/2024,AL,8791,91,65,130,33
11/30/2024,AR,5066,58,12,24,9
11/30/2024,AS,69,0,2,1,0
11/30/2024,AZ,9933,746,590,81,69
11/30/2024,CA,49111,691,693,327,128
11/30/2024,CO,7106,171,67,23,4
11/30/2024,CT,5955,68,10,50,10
11/30/2024,DC,1928,11,6,2,0
11/30/2024,DE,1849,26,5,47,12
11/30/2024,FL,40538,320,605,538,278
11/30/2024,GA,16278,84,56,401,124
11/30/2024,GU,271,1,2,1,0
11/30/2024,HI,1784,10,14,19,6
11/30/2024,IA,4675,54,4,10,0
11/30/2024,ID,1656,23,63,3,0
11/30/2024,IL,19159,274,83,225,65
11/30/2024,IN,10869,156,41,59,22
11/30/2024,KS,4508,50,20,13,3
11/30/2024,KY,8570,96,24,60,18
11/30/2024,LA,8410,64,141,131,38
11/30/2024,MA,12042,368,63,134,56
11/30/2024,MD,8500,77,21,113,34
11/30/2024,ME,2160,25,2,2,0
11/30/2024,MI,14599,595,65,106,45
11/30/2024,MN,7215,134,18,23,4
11/30/2024,MO,12036,166,41,59,16
11/30/2024,MS,4734,33,28,77,27
11/30/2024,MT,1560,17,2,2,1
11/30/2024,NC,17714,149,43,125,50
11/30/2024,ND,1435,24,1,0,0
11/30/2024,NE,3248,42,11,7,1
11/30/2024,NH,1767,43,14,4,3
11/30/2024,NJ,14369,187,67,283,99
11/30/2024,NM,2695,123,55,6,1
11/30/2024,NV,5331,65,61,24,1
11/30/2024,NY,33603,366,145,564,187
11/30/2024,OH,20158,335,55,197,47
11/30/2024,OK,6665,105,40,15,3
11/30/2024,OR,5222,52,80,12,4
11/30/2024,PA,19383,640,115,198,105
11/30/2024,PR,4397,78,279,149,13
11/30/2024,RI,1949,21,6,35,9
11/30/2024,SC,8113,67,18,121,45
11/30/2024,SD,1035,19,5,0,0
11/30/2024,TN,13263,143,60,140,32
11/30/2024,TX,44505,285,403,764,140
11/30/2024,UT,3730,59,20,11,2
11/30/2024,VA,12022,107,46,99,36
11/30/2024,VI,58,0,0,0,0
11/30/2024,VT,711,12,3,3,1
11/30/2024,WA,9445,78,46,44,26
11/30/2024,WI,7815,136,12,21,10
11/30/2024,WV,3765,147,3,27,12
11/30/2024,WY,359,47,7,3,0
12/7/2024,AK,1014,17,17,3,0
12/7/2024,AL,9405,104,102,166,68
12/7/2024,AR,5633,66,32,32,24
12/7/2024,AS,77,3,0,0,0
12/7/2024,AZ,10628,837,884,142,99
12/7/2024,CA,49787,752,1064,423,150
12/7/2024,CO,7588,183,90,34,10
12/7/2024,CT,6362,94,13,60,24
12/7/2024,DC,2286,18,2,4,2
12/7/2024,DE,1903,24,15,70,20
12/7/2024,FL,41859,295,698,514,289
12/7/2024,GA,17670,114,88,411,192
12/7/2024,GU,256,1,0,1,0
12/7/2024,HI,1988,15,20,19,4
12/7/2024,IA,4817,87,13,13,3
12/7/2024,ID,1787,33,77,5,2
12/7/2024,IL,19300,326,105,256,100
12/7/2024,IN,11595,257,65,73,28
12/7/2024,KS,4827,94,35,15,12
12/7/2024,KY,8969,137,52,96,38
12/7/2024,LA,8759,80,160,160,47
12/7/2024,MA,13499,448,83,163,72
12/7/2024,MD,8882,86,37,125,57
12/7/2024,ME,2004,20,3,2,0
12/7/2024,MI,15149,587,91,121,52
12/7/2024,MN,7735,192,40,48,21
12/7/2024,MO,12738,190,54,86,24
12/7/2024,MS,5349,54,39,108,40
12/7/2024,MT,1695,40,2,0,0
12/7/2024,NC,18237,178,65,165,61
12/7/2024,ND,1511,17,2,1,1
12/7/2024,NE,3173,78,10,7,3
12/7/2024,NH,1914,61,14,12,9
12/7/2024,NJ,15275,188,109,290,94
12/7/2024,NM,2820,127,103,9,2
12/7/2024,NV,5511,49,81,29,10
12/7/2024,NY,35526,450,274,723,277
12/7/2024,OH,21325,385,91,286,82
12/7/2024,OK,7320,145,40,25,10
12/7/2024,OR,5339,59,118,13,5
12/7/2024,PA,20198,642,175,291,139
12/7/2024,PR,5100,107,440,296,12
12/7/2024,RI,1949,40,10,48,10
12/7/2024,SC,8500,75,40,152,79
12/7/2024,SD,1620,24,1,0,0
12/7/2024,TN,13766,143,115,155,45
12/7/2024,TX,47985,395,529,872,209
12/7/2024,UT,3916,62,64,15,11
12/7/2024,VA,12501,134,68,77,40
12/7/2024,VI,54,0,0,0,0
12/7/2024,VT,755,20,0,5,2
12/7/2024,WA,9930,56,78,71,37
12/7/2024,WI,8286,192,27,27,14
12/7/2024,WV,3975,92,13,17,3
12/7/2024,WY,354,42,5,7,2
12/14/2024,AK,898,8,25,16,6
12/14/2024,AL,9791,113,193,155,84
12/14/2024,AR,5512,57,41,52,39
12/14/2024,AS,91,0,3,0,0
12/14/2024,AZ,10590,758,995,123,99
12/14/2024,CA,49803,728,1400,455,160
12/14/2024,CO,7532,172,128,68,19
12/14/2024,CT,6690,101,24,100,49
12/14/2024,DC,2325,22,6,14,7
12/14/2024,DE,1928,25,15,79,23
12/14/2024,FL,44078,331,865,608,393
12/14/2024,GA,17779,159,214,408,226
12/14/2024,GU,271,0,3,0,0
12/14/2024,HI,2020,13,34,30,12
12/14/2024,IA,4986,84,23,24,7
12/14/2024,ID,1900,45,107,10,4
12/14/2024,IL,19954,437,239,365,149
12/14/2024,IN,11753,313,140,140,66
12/14/2024,KS,4759,90,88,20,5
12/14/2024,KY,9311,165,79,132,63
12/14/2024,LA,9402,104,252,181,61
12/14/2024,MA,12206,425,126,221,128
12/14/2024,MD,9318,88,73,179,88
12/14/2024,ME,2303,33,2,3,0
12/14/2024,MI,14911,674,167,155,84
12/14/2024,MN,7878,225,92,60,23
12/14/2024,MO,12971,241,81,62,20
12/14/2024,MS,5396,67,61,98,35
12/14/2024,MT,1620,28,6,2,2
12/14/2024,NC,18679,232,173,284,141
12/14/2024,ND,977,11,0,0,0
12/14/2024,NE,3497,66,19,9,2
12/14/2024,NH,1894,67,21,10,5
12/14/2024,NJ,14911,241,174,406,168
12/14/2024,NM,2785,144,108,12,3
12/14/2024,NV,5577,52,113,45,16
12/14/2024,NY,35718,497,426,854,399
12/14/2024,OH,22253,530,151,371,132
12/14/2024,OK,7394,158,57,40,16
12/14/2024,OR,5542,68,197,31,7
12/14/2024,PA,19686,712,267,396,208
12/14/2024,PR,4704,86,378,206,8
12/14/2024,RI,1904,50,28,47,16
12/14/2024,SC,8866,85,77,179,102
12/14/2024,SD,1395,43,8,3,0
12/14/2024,TN,14533,195,215,203,86
12/14/2024,TX,48327,368,708,905,279
12/14/2024,UT,3827,55,87,21,7
12/14/2024,VA,12836,185,140,94,68
12/14/2024,VI,53,0,0,0,0
12/14/2024,VT,772,16,8,8,1
12/14/2024,WA,9977,76,186,125,79
12/14/2024,WI,8408,231,66,60,36
12/14/2024,WV,4189,156,21,39,19
12/14/2024,WY,267,55,31,5,2
12/21/2024,AK,915,10,18,19,10
12/21/2024,AL,9207,152,437,173,93
12/21/2024,AR,5560,83,58,71,44
12/21/2024,AS,86,1,0,2,0
12/21/2024,AZ,10039,754,1507,231,154
12/21/2024,CA,50042,814,2434,609,285
12/21/2024,CO,7647,228,179,111,29
12/21/2024,CT,5720,96,41,104,46
12/21/2024,DC,1889,15,19,3,2
12/21/2024,DE,1893,42,43,112,38
12/21/2024,FL,43339,398,1251,605,366
12/21/2024,GA,17508,171,388,430,233
12/21/2024,GU,263,0,0,0,0
12/21/2024,HI,2092,13,42,21,8
12/21/2024,IA,4829,86,42,41,7
12/21/2024,ID,1995,35,185,27,7
12/21/2024,IL,19777,551,488,485,198
12/21/2024,IN,11156,392,275,204,79
12/21/2024,KS,4872,132,120,46,18
12/21/2024,KY,8611,216,193,178,73
12/21/2024,LA,8677,110,417,191,77
12/21/2024,MA,13598,385,137,229,148
12/21/2024,MD,9091,112,131,199,98
12/21/2024,ME,2074,28,10,7,3
12/21/2024,MI,10898,432,179,175,74
12/21/2024,MN,7641,259,227,110,49
12/21/2024,MO,12859,252,242,94,37
12/21/2024,MS,4640,47,94,78,34
12/21/2024,MT,1685,18,27,4,2
12/21/2024,NC,18390,256,292,387,196
12/21/2024,ND,1530,25,8,4,2
12/21/2024,NE,3400,69,78,39,13
12/21/2024,NH,1861,47,16,20,14
12/21/2024,NJ,14832,300,335,454,229
12/21/2024,NM,2640,134,207,18,6
12/21/2024,NV,5483,72,208,62,17
12/21/2024,NY,35613,625,740,989,476
12/21/2024,OH,21224,688,298,555,160
12/21/2024,OK,7350,166,104,58,19
12/21/2024,OR,5533,72,386,33,17
12/21/2024,PA,13410,574,365,346,207
12/21/2024,PR,4076,116,354,182,3
12/21/2024,RI,1751,41,23,56,28
12/21/2024,SC,8364,132,160,217,121
12/21/2024,SD,1347,25,13,1,1
12/21/2024,TN,12945,176,372,238,78
12/21/2024,TX,48517,460,1167,975,291
12/21/2024,UT,3899,65,163,33,5
12/21/2024,VA,12609,198,192,200,87
12/21/2024,VI,56,0,0,0,0
12/21/2024,VT,747,9,8,4,2
12/21/2024,WA,9837,86,416,145,88
12/21/2024,WI,7341,288,113,75,36
12/21/2024,WV,3974,102,37,53,15
12/21/2024,WY,278,35,14,11,3
12/28/2024,AK,767,13,19,26,13
12/28/2024,AL,8326,216,667,173,99
12/28/2024,AR,4540,125,128,82,56
12/28/2024,AS,61,2,0,0,0
12/28/2024,AZ,9628,797,2295,312,207
12/28/2024,CA,46179,931,3490,703,306
12/28/2024,CO,6492,289,475,137,29
12/28/2024,CT,5943,160,148,155,80
12/28/2024,DC,1896,24,38,9,9
12/28/2024,DE,1616,48,96,104,45
12/28/2024,FL,37637,427,2056,583,394
12/28/2024,GA,14783,229,773,421,240
12/28/2024,GU,250,1,3,0,0
12/28/2024,HI,1830,9,57,16,8
12/28/2024,IA,4119,127,116,49,16
12/28/2024,ID,1676,56,333,30,4
12/28/2024,IL,17135,801,1137,574,290
12/28/2024,IN,9738,548,586,229,93
12/28/2024,KS,3989,196,224,57,20
12/28/2024,KY,7192,284,477,195,104
12/28/2024,LA,7326,137,591,245,103
12/28/2024,MA,11467,375,256,242,163
12/28/2024,MD,6475,142,178,176,105
12/28/2024,ME,2034,50,30,5,2
12/28/2024,MI,12229,735,429,395,145
12/28/2024,MN,6668,353,545,133,45
12/28/2024,MO,10923,393,601,173,74
12/28/2024,MS,4251,70,212,76,36
12/28/2024,MT,1415,40,60,6,3
12/28/2024,NC,15774,362,608,525,257
12/28/2024,ND,1335,30,22,2,0
12/28/2024,NE,2836,98,131,34,9
12/28/2024,NH,1571,74,42,30,21
12/28/2024,NJ,13091,425,723,501,291
12/28/2024,NM,2473,147,234,34,9
12/28/2024,NV,4715,47,255,62,16
12/28/2024,NY,32205,720,1540,1042,579
12/28/2024,OH,17835,859,698,564,234
12/28/2024,OK,6085,237,283,113,37
12/28/2024,OR,4825,84,549,87,34
12/28/2024,PA,18045,1141,1005,888,486
12/28/2024,PR,1031,13,30,16,7
12/28/2024,RI,1574,63,45,73,25
12/28/2024,SC,7221,168,327,257,166
12/28/2024,SD,1413,46,33,5,4
12/28/2024,TN,12165,229,747,292,119
12/28/2024,TX,40654,580,2040,1132,344
12/28/2024,UT,3230,97,287,57,5
12/28/2024,VA,10466,290,363,168,99
12/28/2024,VI,87,2,1,0,0
12/28/2024,VT,529,31,19,15,11
12/28/2024,WA,8744,115,541,161,88
12/28/2024,WI,7123,405,253,112,54
12/28/2024,WV,3160,143,102,96,34
12/28/2024,WY,280,93,90,14,1
12/30/2023,AK,952,34,4,4,0
12/30/2023,AR,4949,338,187,2,2
12/30/2023,AZ,10254,643,1106,5,2
12/30/2023,CA,46849,3892,1810,28,22
12/30/2023,CO,6395,475,367,1,0
12/30/2023,CT,5505,476,194,6,6
12/30/2023,DC,2108,75,57,0,0
12/30/2023,DE,1941,107,60,6,6
12/30/2023,FL,39393,1786,1352,1,1
12/30/2023,GA,15941,1066,1132,2,2
12/30/2023,HI,1811,81,32,0,0
12/30/2023,IA,4422,415,99,2,0
12/30/2023,ID,1785,185,163,7,3
12/30/2023,IL,19042,1795,576,5,5
12/30/2023,IN,10458,1048,556,18,11
12/30/2023,KS,4394,383,93,14,3
12/30/2023,KY,8495,595,261,2,2
12/30/2023,LA,7866,386,381,9,5
12/30/2023,MD,7948,577,328,5,5
12/30/2023,ME,2008,127,51,1,1
12/30/2023,MI,15131,1357,567,5,3
12/30/2023,MO,11220,808,369,0,0
12/30/2023,MS,4803,209,297,0,0
12/30/2023,MT,1578,108,116,0,0
12/30/2023,ND,1389,109,51,0,0
12/30/2023,NE,3160,252,51,1,0
12/30/2023,NH,1990,129,51,1,1
12/30/2023,NJ,14300,1373,729,0,0
12/30/2023,NM,3222,131,235,1,0
12/30/2023,NY,34728,3306,1343,37,34
12/30/2023,OH,19586,1807,638,57,4
12/30/2023,OK,5530,490,137,40,13
12/30/2023,OR,4926,298,147,0,0
12/30/2023,PA,21844,1806,933,42,32
12/30/2023,PR,4291,117,63,0,0
12/30/2023,RI,1608,111,46,8,8
12/30/2023,SC,7730,505,649,0,0
12/30/2023,SD,1346,132,48,0,0
12/30/2023,TX,40489,2158,1975,0,0
12/30/2023,UT,3278,237,80,2,1
12/30/2023,VA,11382,1022,731,0,0
12/30/2023,VT,824,56,19,1,1
12/30/2023,WI,7733,791,297,0,0
12/30/2023,WY,503,53,72,2,2
12/23/2023,AR,5196,338,96,1,1
12/23/2023,AZ,10638,523,946,4,0
12/23/2023,CA,49584,3423,1763,16,10
12/23/2023,CO,6773,457,252,0,0
12/23/2023,CT,5811,365,115,5,5
12/23/2023,DE,1997,102,24,3,3
12/23/2023,FL,41741,1453,989,1,1
12/23/2023,GA,16187,842,746,1,1
12/23/2023,HI,1848,84,28,0,0
12/23/2023,IA,4637,421,90,1,1
12/23/2023,ID,1927,164,115,4,1
12/23/2023,IL,19785,1566,464,4,4
12/23/2023,IN,10812,951,374,12,4
12/23/2023,KS,4666,345,92,11,5
12/23/2023,KY,8862,560,137,0,0
12/23/2023,LA,8349,324,307,2,1
12/23/2023,MD,8217,469,207,0,0
12/23/2023,ME,2104,116,16,3,3
12/23/2023,MI,15882,1148,271,0,0
12/23/2023,MO,12001,798,224,0,0
12/23/2023,MS,4905,167,200,0,0
12/23/2023,MT,1629,133,78,0,0
12/23/2023,ND,1405,95,26,0,0
12/23/2023,NE,3295,295,62,0,0
12/23/2023,NH,2121,133,41,3,3
12/23/2023,NJ,14866,980,488,0,0
12/23/2023,NY,36151,2638,944,38,37
12/23/2023,OH,20284,1550,438,58,11
12/23/2023,OK,5835,425,153,29,9
12/23/2023,OR,5103,208,103,1,0
12/23/2023,PA,23013,1417,702,72,48
12/23/2023,PR,4926,127,59,2,0
12/23/2023,RI,1723,98,16,2,2
12/23/2023,SC,7767,398,421,0,0
12/23/2023,SD,1428,129,33,0,0
12/23/2023,TX,42934,1917,1597,1,1
12/23/2023,UT,3631,200,58,0,0
12/23/2023,VA,11961,794,419,0,0
12/23/2023,VT,847,54,12,0,0
12/23/2023,WI,7995,692,187,0,0
12/23/2023,WY,565,41,28,1,0
12/16/2023,AL,9879,394,143,16,9
12/16/2023,AR,5393,310,53,2,1
12/16/2023,AZ,10756,482,602,3,0
12/16/2023,CA,49667,2982,1077,15,6
12/16/2023,CO,6908,425,234,0,0
12/16/2023,CT,5829,342,120,6,6
12/16/2023,DC,2254,48,20,0,0
12/16/2023,DE,1990,63,18,13,13
12/16/2023,FL,42225,1178,843,0,0
12/16/2023,GA,16429,592,442,0,0
12/16/2023,HI,1908,74,24,0,0
12/16/2023,IA,4715,421,50,1,0
12/16/2023,ID,1951,163,67,3,1
12/16/2023,IL,20242,1443,253,9,9
12/16/2023,IN,11007,868,260,8,2
12/16/2023,KS,4715,362,43,2,1
12/16/2023,KY,9095,456,86,0,0
12/16/2023,LA,8438,206,178,2,2
12/16/2023,MD,8291,461,115,0,0
12/16/2023,ME,2101,114,20,0,0
12/16/2023,MI,16259,998,247,0,0
12/16/2023,MO,12240,746,154,3,3
12/16/2023,MS,5014,136,96,0,0
12/16/2023,MT,1665,131,37,0,0
12/16/2023,ND,1427,84,16,0,0
12/16/2023,NE,3401,279,13,2,0
12/16/2023,NH,2144,116,28,1,1
12/16/2023,NJ,15024,753,304,0,0
12/16/2023,NY,36561,2049,744,42,37
12/16/2023,OH,20881,1343,239,36,5
12/16/2023,OK,5943,444,85,49,9
12/16/2023,OR,5190,208,45,0,0
12/16/2023,PA,22758,1158,391,33,25
12/16/2023,PR,5099,69,57,0,0
12/16/2023,RI,1736,77,24,2,2
12/16/2023,SC,7818,268,264,0,0
12/16/2023,SD,1486,127,13,0,0
12/16/2023,TX,43703,1681,1155,0,0
12/16/2023,UT,3632,270,24,4,0
12/16/2023,VA,12224,658,229,0,0
12/16/2023,VT,828,41,8,1,1
12/16/2023,WY,563,48,46,3,3
12/9/2023,AL,9998,345,110,16,12
12/9/2023,AR,5463,311,41,2,2
12/9/2023,AZ,10723,457,388,1,0
12/9/2023,CA,49127,2651,868,14,3
12/9/2023,CO,6918,480,153,0,0
12/9/2023,CT,5830,333,74,8,8
12/9/2023,DC,2312,42,14,NA,NA
12/9/2023,DE,2002,64,10,12,9
12/9/2023,FL,42611,906,761,0,0
12/9/2023,GA,16420,524,261,2,2
12/9/2023,HI,1927,88,32,1,1
12/9/2023,IA,4771,360,43,2,0
12/9/2023,ID,1918,169,46,1,0
12/9/2023,IL,20410,1370,205,5,5
12/9/2023,IN,11073,879,181,4,2
12/9/2023,KS,4766,345,37,6,1
12/9/2023,KY,9139,487,48,1,1
12/9/2023,LA,8497,210,158,6,5
12/9/2023,MD,8346,431,78,0,0
12/9/2023,ME,2187,118,15,0,0
12/9/2023,MI,16368,1035,173,0,0
12/9/2023,MO,12326,723,140,0,0
12/9/2023,MS,5065,140,71,3,2
12/9/2023,MT,1684,122,21,0,0
12/9/2023,ND,1765,94,11,0,0
12/9/2023,NE,3310,230,11,1,1
12/9/2023,NH,2163,100,15,1,1
12/9/2023,NJ,15025,645,160,0,0
12/9/2023,NM,3027,116,85,0,0
12/9/2023,NY,36661,1851,509,21,14
12/9/2023,OH,21154,1311,161,57,5
12/9/2023,OK,5883,412,59,23,12
12/9/2023,OR,5196,204,43,0,0
12/9/2023,PA,22002,1181,279,40,28
12/9/2023,PR,5195,90,48,2,0
12/9/2023,RI,1758,51,6,2,2
12/9/2023,SD,1504,107,6,0,0
12/9/2023,TX,41615,1467,829,1,1
12/9/2023,UT,3711,238,17,0,0
12/9/2023,VA,12137,602,157,0,0
12/9/2023,VT,837,66,8,0,0
12/9/2023,WI,8171,590,97,0,0
12/2/2023,AL,9762,300,84,10,5
12/2/2023,AR,5280,235,24,1,1
12/2/2023,AZ,10838,518,276,1,1
12/2/2023,CA,47972,2686,683,18,12
12/2/2023,CO,6785,533,126,0,0
12/2/2023,CT,5794,324,57,0,0
12/2/2023,DC,2262,43,11,NA,NA
12/2/2023,DE,1969,76,2,5,5
12/2/2023,FL,41722,811,743,0,0
12/2/2023,GA,15903,466,225,0,0
12/2/2023,HI,1890,77,23,0,0
12/2/2023,IA,4662,330,44,2,1
12/2/2023,ID,1855,165,19,1,0
12/2/2023,IL,19823,1410,165,7,7
12/2/2023,IN,10805,846,149,8,3
12/2/2023,KS,4582,303,37,0,0
12/2/2023,KY,8808,439,59,0,0
12/2/2023,LA,8278,210,121,16,6
12/2/2023,MD,8246,416,60,1,1
12/2/2023,ME,2083,87,9,0,0
12/2/2023,MI,15996,1071,106,0,0
12/2/2023,MO,12117,691,85,0,0
12/2/2023,MS,4994,115,77,0,0
12/2/2023,MT,1619,119,18,0,0
12/2/2023,ND,1453,98,17,0,0
12/2/2023,NE,3303,204,8,2,1
12/2/2023,NH,2132,93,7,0,0
12/2/2023,NJ,14667,622,129,0,0
12/2/2023,NY,36206,1787,345,18,13
12/2/2023,OH,20579,1307,134,57,2
12/2/2023,OK,5807,333,71,8,2
12/2/2023,OR,5143,229,17,0,0
12/2/2023,PA,22951,1123,212,41,32
12/2/2023,PR,5028,132,89,5,0
12/2/2023,RI,1742,53,6,1,1
12/2/2023,SD,1471,121,7,0,0
12/2/2023,TX,39560,1375,699,1,1
12/2/2023,UT,3478,221,17,0,0
12/2/2023,VA,11940,611,143,0,0
12/2/2023,VT,848,43,3,0,0
11/25/2023,AL,9329,228,71,0,0
11/25/2023,AZ,10379,542,209,1,1
11/25/2023,CA,45917,2229,459,1,NA
11/25/2023,MT,1586,103,6,0,0
11/25/2023,ND,1416,80,4,0,0
11/18/2023,MT,1662,96,3,0,0
11/18/2023,AL,9723,226,73,0,0
11/11/2023,AL,9771,263,56,0,0
11/11/2023,MT,1655,97,5,0,0
11/11/2023,ND,1402,60,2,0,0
11/4/2023,MT,1616,66,1,0,0
10/28/2023,MT,1628,62,0,0,0
10/21/2023,MT,1638,111,1,0,0
10/14/2023,MT,1679,122,0,0,0
10/7/2023,MT,1684,97,0,0,0
